utterance_id	batch	pattern	diphone_index	diphone
1	single	2	1	_-z
1	single	2	2	z-u
1	single	2	3	u-w
1	single	2	4	w-i
1	single	2	5	i-X
1	single	2	6	X-?
1	single	2	7	?-a
1	single	2	8	a-H
1	single	2	9	H-_
2	single	2	1	_-g
2	single	2	2	g-i
2	single	2	3	i-t
2	single	2	4	t-i
2	single	2	5	i-m
2	single	2	6	m-q
2	single	2	7	q-e.
2	single	2	8	e.-s.
2	single	2	9	s.-_
3	single	2	1	_-s.
3	single	2	2	s.-i.
3	single	2	3	i.-m
3	single	2	4	m-u
3	single	2	5	u-m
3	single	2	6	m-S
3	single	2	7	S-e
3	single	2	8	e-k
3	single	2	9	k-_
4	single	2	1	_-b
4	single	2	2	b-u
4	single	2	3	u-t
4	single	2	4	t-e
4	single	2	5	e-l
4	single	2	6	l-n
4	single	2	7	n-e
4	single	2	8	e-l
4	single	2	9	l-_
5	single	2	1	_-S
5	single	2	2	S-a
5	single	2	3	a-x
5	single	2	4	x-i
5	single	2	5	i-l
5	single	2	6	l-g
5	single	2	7	g-a
5	single	2	8	a-S
5	single	2	9	S-_
6	single	2	1	_-l
6	single	2	2	l-a
6	single	2	3	a-s
6	single	2	4	s-i
6	single	2	5	i-r
6	single	2	6	r-s
6	single	2	7	s-e.
6	single	2	8	e.-t.
6	single	2	9	t.-_
7	single	2	1	_-w
7	single	2	2	w-i.
7	single	2	3	i.-s.
7	single	2	4	s.-u.
7	single	2	5	u.-m
7	single	2	6	m-r
7	single	2	7	r-a
7	single	2	8	a-?
7	single	2	9	?-_
8	single	2	1	_-p
8	single	2	2	p-i.
8	single	2	3	i.-s.
8	single	2	4	s.-a.
8	single	2	5	a.-s.
8	single	2	6	s.-d
8	single	2	7	d-i
8	single	2	8	i-p
8	single	2	9	p-_
9	single	2	1	_-H
9	single	2	2	H-e
9	single	2	3	e-s
9	single	2	4	s-e
9	single	2	5	e-s
9	single	2	6	s-z
9	single	2	7	z-a
9	single	2	8	a-d
9	single	2	9	d-_
10	single	2	1	_-k
10	single	2	2	k-a
10	single	2	3	a-S
10	single	2	4	S-i.
10	single	2	5	i.-t.
10	single	2	6	t.-S
10	single	2	7	S-i
10	single	2	8	i-x
10	single	2	9	x-_
11	single	2	1	_-t
11	single	2	2	t-i
11	single	2	3	i-d
11	single	2	4	d-e
11	single	2	5	e-x
11	single	2	6	x-X
11	single	2	7	X-a
11	single	2	8	a-z
11	single	2	9	z-_
12	single	2	1	_-?
12	single	2	2	?-i
12	single	2	3	i-j
12	single	2	4	j-u
12	single	2	5	u-n
12	single	2	6	n-g
12	single	2	7	g-e
12	single	2	8	e-X
12	single	2	9	X-_
13	single	2	1	_-s
13	single	2	2	s-e
13	single	2	3	e-?
13	single	2	4	?-u
13	single	2	5	u-g
13	single	2	6	g-k
13	single	2	7	k-u
13	single	2	8	u-j
13	single	2	9	j-_
14	single	2	1	_-j
14	single	2	2	j-i
14	single	2	3	i-s
14	single	2	4	s-a.
14	single	2	5	a.-s.
14	single	2	6	s.-q
14	single	2	7	q-i.
14	single	2	8	i.-w
14	single	2	9	w-_
15	single	2	1	_-n
15	single	2	2	n-u
15	single	2	3	u-z
15	single	2	4	z-i.
15	single	2	5	i.-q
15	single	2	6	q-s
15	single	2	7	s-u.
15	single	2	8	u.-s.
15	single	2	9	s.-_
16	single	2	1	_-t.
16	single	2	2	t.-i.
16	single	2	3	i.-t.
16	single	2	4	t.-u.
16	single	2	5	u.-k
16	single	2	6	k-k
16	single	2	7	k-i
16	single	2	8	i-q
16	single	2	9	q-_
17	single	2	1	_-r
17	single	2	2	r-e
17	single	2	3	e-l
17	single	2	4	l-e
17	single	2	5	e-p
17	single	2	6	p-w
17	single	2	7	w-a
17	single	2	8	a-n
17	single	2	9	n-_
18	single	2	1	_-z
18	single	2	2	z-u.
18	single	2	3	u.-q
18	single	2	4	q-u.
18	single	2	5	u.-t
18	single	2	6	t-X
18	single	2	7	X-u
18	single	2	8	u-H
18	single	2	9	H-_
19	single	2	1	_-w
19	single	2	2	w-u.
19	single	2	3	u.-t.
19	single	2	4	t.-e.
19	single	2	5	e.-g
19	single	2	6	g-s.
19	single	2	7	s.-i.
19	single	2	8	i.-z
19	single	2	9	z-_
20	single	2	1	_-X
20	single	2	2	X-e
20	single	2	3	e-?
20	single	2	4	?-u.
20	single	2	5	u.-s.
20	single	2	6	s.-S
20	single	2	7	S-e
20	single	2	8	e-g
20	single	2	9	g-_
21	single	2	1	_-p
21	single	2	2	p-i
21	single	2	3	i-k
21	single	2	4	k-u
21	single	2	5	u-t
21	single	2	6	t-w
21	single	2	7	w-e
21	single	2	8	e-m
21	single	2	9	m-_
22	single	2	1	_-d
22	single	2	2	d-u
22	single	2	3	u-l
22	single	2	4	l-u
22	single	2	5	u-r
22	single	2	6	r-b
22	single	2	7	b-a.
22	single	2	8	a.-q
22	single	2	9	q-_
23	single	2	1	_-j
23	single	2	2	j-e
23	single	2	3	e-d
23	single	2	4	d-a
23	single	2	5	a-w
23	single	2	6	w-X
23	single	2	7	X-i
23	single	2	8	i-w
23	single	2	9	w-_
24	single	2	1	_-j
24	single	2	2	j-i
24	single	2	3	i-z
24	single	2	4	z-e
24	single	2	5	e-w
24	single	2	6	w-p
24	single	2	7	p-u
24	single	2	8	u-S
24	single	2	9	S-_
25	single	2	1	_-x
25	single	2	2	x-a
25	single	2	3	a-b
25	single	2	4	b-a
25	single	2	5	a-k
25	single	2	6	k-g
25	single	2	7	g-a
25	single	2	8	a-?
25	single	2	9	?-_
26	single	2	1	_-x
26	single	2	2	x-u
26	single	2	3	u-w
26	single	2	4	w-e
26	single	2	5	e-S
26	single	2	6	S-s
26	single	2	7	s-u
26	single	2	8	u-n
26	single	2	9	n-_
27	single	2	1	_-g
27	single	2	2	g-i.
27	single	2	3	i.-q
27	single	2	4	q-u.
27	single	2	5	u.-x
27	single	2	6	x-S
27	single	2	7	S-u
27	single	2	8	u-b
27	single	2	9	b-_
28	single	2	1	_-p
28	single	2	2	p-a
28	single	2	3	a-r
28	single	2	4	r-u
28	single	2	5	u-?
28	single	2	6	?-g
28	single	2	7	g-e
28	single	2	8	e-r
28	single	2	9	r-_
29	single	1	1	_-u
29	single	1	2	u-s.
29	single	1	3	s.-s.
29	single	1	4	s.-a.
29	single	1	5	a.-d
29	single	1	6	d-H
29	single	1	7	H-i
29	single	1	8	i-_
30	single	2	1	_-m
30	single	2	2	m-a
30	single	2	3	a-t
30	single	2	4	t-a
30	single	2	5	a-s
30	single	2	6	s-X
30	single	2	7	X-u
30	single	2	8	u-H
30	single	2	9	H-_
31	single	2	1	_-n
31	single	2	2	n-a
31	single	2	3	a-g
31	single	2	4	g-i
31	single	2	5	i-?
31	single	2	6	?-?
31	single	2	7	?-i
31	single	2	8	i-d
31	single	2	9	d-_
32	single	2	1	_-t
32	single	2	2	t-a
32	single	2	3	a-z
32	single	2	4	z-i
32	single	2	5	i-b
32	single	2	6	b-t
32	single	2	7	t-u
32	single	2	8	u-k
32	single	2	9	k-_
33	single	1	1	_-e
33	single	1	2	e-H
33	single	1	3	H-p
33	single	1	4	p-e
33	single	1	5	e-t
33	single	1	6	t-q
33	single	1	7	q-u.
33	single	1	8	u.-_
34	single	2	1	_-H
34	single	2	2	H-u.
34	single	2	3	u.-q
34	single	2	4	q-a.
34	single	2	5	a.-n
34	single	2	6	n-H
34	single	2	7	H-e.
34	single	2	8	e.-q
34	single	2	9	q-_
35	single	2	1	_-k
35	single	2	2	k-e
35	single	2	3	e-X
35	single	2	4	X-e
35	single	2	5	e-t
35	single	2	6	t-s
35	single	2	7	s-a
35	single	2	8	a-m
35	single	2	9	m-_
36	single	2	1	_-m
36	single	2	2	m-a
36	single	2	3	a-b
36	single	2	4	b-i
36	single	2	5	i-n
36	single	2	6	n-t.
36	single	2	7	t.-u.
36	single	2	8	u.-l
36	single	2	9	l-_
37	single	2	1	_-b
37	single	2	2	b-u
37	single	2	3	u-x
37	single	2	4	x-i
37	single	2	5	i-g
37	single	2	6	g-l
37	single	2	7	l-a.
37	single	2	8	a.-t.
37	single	2	9	t.-_
38	single	2	1	_-s
38	single	2	2	s-i
38	single	2	3	i-p
38	single	2	4	p-u
38	single	2	5	u-p
38	single	2	6	p-S
38	single	2	7	S-u
38	single	2	8	u-p
38	single	2	9	p-_
39	single	2	1	_-q
39	single	2	2	q-a.
39	single	2	3	a.-r
39	single	2	4	r-i
39	single	2	5	i-j
39	single	2	6	j-g
39	single	2	7	g-a
39	single	2	8	a-x
39	single	2	9	x-_
40	single	1	1	_-a
40	single	1	2	a-n
40	single	1	3	n-?
40	single	1	4	?-e
40	single	1	5	e-n
40	single	1	6	n-z
40	single	1	7	z-e
40	single	1	8	e-_
41	single	2	1	_-x
41	single	2	2	x-a
41	single	2	3	a-X
41	single	2	4	X-a.
41	single	2	5	a.-q
41	single	2	6	q-g
41	single	2	7	g-u
41	single	2	8	u-S
41	single	2	9	S-_
42	single	1	1	_-i
42	single	1	2	i-b
42	single	1	3	b-s.
42	single	1	4	s.-i.
42	single	1	5	i.-g
42	single	1	6	g-j
42	single	1	7	j-a
42	single	1	8	a-_
43	single	2	1	_-s.
43	single	2	2	s.-u.
43	single	2	3	u.-p
43	single	2	4	p-e
43	single	2	5	e-d
43	single	2	6	d-w
43	single	2	7	w-u
43	single	2	8	u-j
43	single	2	9	j-_
44	single	2	1	_-r
44	single	2	2	r-a
44	single	2	3	a-d
44	single	2	4	d-u
44	single	2	5	u-z
44	single	2	6	z-H
44	single	2	7	H-u
44	single	2	8	u-X
44	single	2	9	X-_
45	single	1	1	_-u
45	single	1	2	u-X
45	single	1	3	X-j
45	single	1	4	j-e
45	single	1	5	e-z
45	single	1	6	z-t.
45	single	1	7	t.-a.
45	single	1	8	a.-_
46	single	2	1	_-t.
46	single	2	2	t.-a.
46	single	2	3	a.-j
46	single	2	4	j-u
46	single	2	5	u-x
46	single	2	6	x-z
46	single	2	7	z-u
46	single	2	8	u-?
46	single	2	9	?-_
47	single	2	1	_-s.
47	single	2	2	s.-e.
47	single	2	3	e.-d
47	single	2	4	d-a
47	single	2	5	a-S
47	single	2	6	S-H
47	single	2	7	H-a
47	single	2	8	a-r
47	single	2	9	r-_
48	single	1	1	_-i
48	single	1	2	i-s.
48	single	1	3	s.-m
48	single	1	4	m-e
48	single	1	5	e-k
48	single	1	6	k-p
48	single	1	7	p-u
48	single	1	8	u-_
49	single	1	1	_-e
49	single	1	2	e-s.
49	single	1	3	s.-l
49	single	1	4	l-i.
49	single	1	5	i.-t.
49	single	1	6	t.-H
49	single	1	7	H-u
49	single	1	8	u-_
50	single	2	1	_-l
50	single	2	2	l-i
50	single	2	3	i-l
50	single	2	4	l-u
50	single	2	5	u-m
50	single	2	6	m-H
50	single	2	7	H-e
50	single	2	8	e-s
50	single	2	9	s-_
51	single	3	1	_-g
51	single	3	2	g-a.
51	single	3	3	a.-a.
51	single	3	4	a.-t.
51	single	3	5	t.-e.
51	single	3	6	e.-i.
51	single	3	7	i.-t
51	single	3	8	t-_
52	single	2	1	_-S
52	single	2	2	S-e
52	single	2	3	e-x
52	single	2	4	x-e
52	single	2	5	e-k
52	single	2	6	k-H
52	single	2	7	H-e.
52	single	2	8	e.-t.
52	single	2	9	t.-_
53	single	2	1	_-?
53	single	2	2	?-e
53	single	2	3	e-x
53	single	2	4	x-u
53	single	2	5	u-x
53	single	2	6	x-m
53	single	2	7	m-i
53	single	2	8	i-s
53	single	2	9	s-_
54	single	1	1	_-e
54	single	1	2	e-t.
54	single	1	3	t.-l
54	single	1	4	l-u.
54	single	1	5	u.-t.
54	single	1	6	t.-b
54	single	1	7	b-e
54	single	1	8	e-_
55	single	3	1	_-X
55	single	3	2	X-a
55	single	3	3	a-u
55	single	3	4	u-t
55	single	3	5	t-e
55	single	3	6	e-e
55	single	3	7	e-b
55	single	3	8	b-_
56	single	2	1	_-s.
56	single	2	2	s.-a.
56	single	2	3	a.-X
56	single	2	4	X-i
56	single	2	5	i-S
56	single	2	6	S-k
56	single	2	7	k-i
56	single	2	8	i-z
56	single	2	9	z-_
57	single	3	1	_-n
57	single	3	2	n-i
57	single	3	3	i-u
57	single	3	4	u-g
57	single	3	5	g-u
57	single	3	6	u-a
57	single	3	7	a-g
57	single	3	8	g-_
58	single	2	1	_-q
58	single	2	2	q-e.
58	single	2	3	e.-z
58	single	2	4	z-i
58	single	2	5	i-H
58	single	2	6	H-b
58	single	2	7	b-u.
58	single	2	8	u.-q
58	single	2	9	q-_
59	single	3	1	_-b
59	single	3	2	b-u.
59	single	3	3	u.-e.
59	single	3	4	e.-q
59	single	3	5	q-i.
59	single	3	6	i.-i.
59	single	3	7	i.-j
59	single	3	8	j-_
60	single	1	1	_-u
60	single	1	2	u-d
60	single	1	3	d-b
60	single	1	4	b-e.
60	single	1	5	e.-s.
60	single	1	6	s.-r
60	single	1	7	r-a
60	single	1	8	a-_
61	single	2	1	_-t.
61	single	2	2	t.-a.
61	single	2	3	a.-n
61	single	2	4	n-e
61	single	2	5	e-z
61	single	2	6	z-m
61	single	2	7	m-u
61	single	2	8	u-l
61	single	2	9	l-_
62	single	2	1	_-k
62	single	2	2	k-u
62	single	2	3	u-t.
62	single	2	4	t.-i.
62	single	2	5	i.-b
62	single	2	6	b-x
62	single	2	7	x-i
62	single	2	8	i-k
62	single	2	9	k-_
63	single	1	1	_-a
63	single	1	2	a-q
63	single	1	3	q-n
63	single	1	4	n-e
63	single	1	5	e-r
63	single	1	6	r-t.
63	single	1	7	t.-i.
63	single	1	8	i.-_
64	single	2	1	_-d
64	single	2	2	d-e
64	single	2	3	e-b
64	single	2	4	b-u
64	single	2	5	u-w
64	single	2	6	w-S
64	single	2	7	S-a
64	single	2	8	a-w
64	single	2	9	w-_
65	single	1	1	_-i
65	single	1	2	i-l
65	single	1	3	l-l
65	single	1	4	l-u
65	single	1	5	u-s
65	single	1	6	s-l
65	single	1	7	l-i
65	single	1	8	i-_
66	single	2	1	_-s.
66	single	2	2	s.-e.
66	single	2	3	e.-x
66	single	2	4	x-e
66	single	2	5	e-w
66	single	2	6	w-j
66	single	2	7	j-i
66	single	2	8	i-m
66	single	2	9	m-_
67	single	1	1	_-e
67	single	1	2	e-j
67	single	1	3	j-d
67	single	1	4	d-a
67	single	1	5	a-t.
67	single	1	6	t.-s
67	single	1	7	s-i
67	single	1	8	i-_
68	single	2	1	_-X
68	single	2	2	X-e.
68	single	2	3	e.-q
68	single	2	4	q-u.
68	single	2	5	u.-t
68	single	2	6	t-n
68	single	2	7	n-i
68	single	2	8	i-x
68	single	2	9	x-_
69	single	2	1	_-z
69	single	2	2	z-a.
69	single	2	3	a.-t.
69	single	2	4	t.-e.
69	single	2	5	e.-n
69	single	2	6	n-m
69	single	2	7	m-e
69	single	2	8	e-t
69	single	2	9	t-_
70	single	2	1	_-r
70	single	2	2	r-a.
70	single	2	3	a.-s.
70	single	2	4	s.-i.
70	single	2	5	i.-H
70	single	2	6	H-H
70	single	2	7	H-a.
70	single	2	8	a.-s.
70	single	2	9	s.-_
71	single	2	1	_-z
71	single	2	2	z-a
71	single	2	3	a-b
71	single	2	4	b-a
71	single	2	5	a-p
71	single	2	6	p-H
71	single	2	7	H-a
71	single	2	8	a-d
71	single	2	9	d-_
72	single	2	1	_-s
72	single	2	2	s-a
72	single	2	3	a-H
72	single	2	4	H-i
72	single	2	5	i-X
72	single	2	6	X-m
72	single	2	7	m-i
72	single	2	8	i-n
72	single	2	9	n-_
73	single	2	1	_-t.
73	single	2	2	t.-e.
73	single	2	3	e.-S
73	single	2	4	S-i
73	single	2	5	i-S
73	single	2	6	S-q
73	single	2	7	q-a.
73	single	2	8	a.-t
73	single	2	9	t-_
74	single	3	1	_-l
74	single	3	2	l-u.
74	single	3	3	u.-u.
74	single	3	4	u.-t.
74	single	3	5	t.-u.
74	single	3	6	u.-i.
74	single	3	7	i.-S
74	single	3	8	S-_
75	single	2	1	_-?
75	single	2	2	?-i.
75	single	2	3	i.-q
75	single	2	4	q-e.
75	single	2	5	e.-t.
75	single	2	6	t.-m
75	single	2	7	m-i.
75	single	2	8	i.-q
75	single	2	9	q-_
76	single	2	1	_-t
76	single	2	2	t-a
76	single	2	3	a-q
76	single	2	4	q-i.
76	single	2	5	i.-r
76	single	2	6	r-w
76	single	2	7	w-u
76	single	2	8	u-p
76	single	2	9	p-_
77	single	2	1	_-b
77	single	2	2	b-i.
77	single	2	3	i.-s.
77	single	2	4	s.-a.
77	single	2	5	a.-z
77	single	2	6	z-d
77	single	2	7	d-i
77	single	2	8	i-?
77	single	2	9	?-_
78	single	1	1	_-a
78	single	1	2	a-s.
78	single	1	3	s.-b
78	single	1	4	b-e
78	single	1	5	e-r
78	single	1	6	r-X
78	single	1	7	X-e
78	single	1	8	e-_
79	single	2	1	_-w
79	single	2	2	w-a
79	single	2	3	a-H
79	single	2	4	H-e
79	single	2	5	e-m
79	single	2	6	m-x
79	single	2	7	x-a.
79	single	2	8	a.-q
79	single	2	9	q-_
80	single	2	1	_-H
80	single	2	2	H-u
80	single	2	3	u-k
80	single	2	4	k-a
80	single	2	5	a-k
80	single	2	6	k-m
80	single	2	7	m-e
80	single	2	8	e-d
80	single	2	9	d-_
81	single	3	1	_-j
81	single	3	2	j-e.
81	single	3	3	e.-e.
81	single	3	4	e.-s.
81	single	3	5	s.-i.
81	single	3	6	i.-e.
81	single	3	7	e.-g
81	single	3	8	g-_
82	single	2	1	_-d
82	single	2	2	d-e
82	single	2	3	e-b
82	single	2	4	b-a
82	single	2	5	a-s
82	single	2	6	s-s.
82	single	2	7	s.-u.
82	single	2	8	u.-s
82	single	2	9	s-_
83	single	3	1	_-S
83	single	3	2	S-a
83	single	3	3	a-u
83	single	3	4	u-r
83	single	3	5	r-i
83	single	3	6	i-a
83	single	3	7	a-t
83	single	3	8	t-_
84	single	2	1	_-x
84	single	2	2	x-u
84	single	2	3	u-j
84	single	2	4	j-a
84	single	2	5	a-j
84	single	2	6	j-t
84	single	2	7	t-u
84	single	2	8	u-s.
84	single	2	9	s.-_
85	single	1	1	_-e
85	single	1	2	e-s.
85	single	1	3	s.-?
85	single	1	4	?-u
85	single	1	5	u-l
85	single	1	6	l-l
85	single	1	7	l-a
85	single	1	8	a-_
86	single	2	1	_-q
86	single	2	2	q-u.
86	single	2	3	u.-p
86	single	2	4	p-a
86	single	2	5	a-w
86	single	2	6	w-t
86	single	2	7	t-e
86	single	2	8	e-j
86	single	2	9	j-_
87	single	2	1	_-w
87	single	2	2	w-i
87	single	2	3	i-S
87	single	2	4	S-i
87	single	2	5	i-j
87	single	2	6	j-s.
87	single	2	7	s.-e.
87	single	2	8	e.-s
87	single	2	9	s-_
88	single	2	1	_-p
88	single	2	2	p-u.
88	single	2	3	u.-s.
88	single	2	4	s.-a.
88	single	2	5	a.-?
88	single	2	6	?-m
88	single	2	7	m-i
88	single	2	8	i-H
88	single	2	9	H-_
89	single	1	1	_-u
89	single	1	2	u-q
89	single	1	3	q-d
89	single	1	4	d-u
89	single	1	5	u-z
89	single	1	6	z-z
89	single	1	7	z-i
89	single	1	8	i-_
90	single	1	1	_-e
90	single	1	2	e-H
90	single	1	3	H-q
90	single	1	4	q-e.
90	single	1	5	e.-m
90	single	1	6	m-?
90	single	1	7	?-a
90	single	1	8	a-_
91	single	2	1	_-j
91	single	2	2	j-u.
91	single	2	3	u.-q
91	single	2	4	q-i.
91	single	2	5	i.-k
91	single	2	6	k-n
91	single	2	7	n-u
91	single	2	8	u-s
91	single	2	9	s-_
92	single	1	1	_-a
92	single	1	2	a-?
92	single	1	3	?-s.
92	single	1	4	s.-i.
92	single	1	5	i.-p
92	single	1	6	p-n
92	single	1	7	n-u
92	single	1	8	u-_
93	single	2	1	_-S
93	single	2	2	S-a.
93	single	2	3	a.-t.
93	single	2	4	t.-u.
93	single	2	5	u.-j
93	single	2	6	j-l
93	single	2	7	l-u
93	single	2	8	u-b
93	single	2	9	b-_
94	single	3	1	_-j
94	single	3	2	j-e
94	single	3	3	e-i
94	single	3	4	i-k
94	single	3	5	k-a
94	single	3	6	a-e
94	single	3	7	e-t.
94	single	3	8	t.-_
95	single	1	1	_-i
95	single	1	2	i-g
95	single	1	3	g-b
95	single	1	4	b-e
95	single	1	5	e-m
95	single	1	6	m-k
95	single	1	7	k-e
95	single	1	8	e-_
96	single	1	1	_-e
96	single	1	2	e-q
96	single	1	3	q-b
96	single	1	4	b-u
96	single	1	5	u-k
96	single	1	6	k-s.
96	single	1	7	s.-i.
96	single	1	8	i.-_
97	single	2	1	_-l
97	single	2	2	l-a
97	single	2	3	a-l
97	single	2	4	l-i
97	single	2	5	i-w
97	single	2	6	w-z
97	single	2	7	z-u
97	single	2	8	u-X
97	single	2	9	X-_
98	single	1	1	_-u
98	single	1	2	u-m
98	single	1	3	m-t
98	single	1	4	t-u
98	single	1	5	u-n
98	single	1	6	n-r
98	single	1	7	r-u
98	single	1	8	u-_
99	single	2	1	_-m
99	single	2	2	m-e.
99	single	2	3	e.-s.
99	single	2	4	s.-e.
99	single	2	5	e.-m
99	single	2	6	m-x
99	single	2	7	x-a
99	single	2	8	a-r
99	single	2	9	r-_
100	single	1	1	_-u
100	single	1	2	u-q
100	single	1	3	q-t
100	single	1	4	t-a
100	single	1	5	a-t
100	single	1	6	t-t.
100	single	1	7	t.-a.
100	single	1	8	a.-_
101	single	1	1	_-i
101	single	1	2	i-m
101	single	1	3	m-?
101	single	1	4	?-a
101	single	1	5	a-l
101	single	1	6	l-s.
101	single	1	7	s.-e.
101	single	1	8	e.-_
102	single	3	1	_-g
102	single	3	2	g-e.
102	single	3	3	e.-a.
102	single	3	4	a.-t.
102	single	3	5	t.-e.
102	single	3	6	e.-u.
102	single	3	7	u.-X
102	single	3	8	X-_
103	single	1	1	_-i
103	single	1	2	i-t.
103	single	1	3	t.-s
103	single	1	4	s-a
103	single	1	5	a-X
103	single	1	6	X-t.
103	single	1	7	t.-a.
103	single	1	8	a.-_
104	single	3	1	_-d
104	single	3	2	d-i
104	single	3	3	i-i
104	single	3	4	i-s
104	single	3	5	s-u
104	single	3	6	u-u
104	single	3	7	u-r
104	single	3	8	r-_
105	single	1	1	_-u
105	single	1	2	u-s.
105	single	1	3	s.-s
105	single	1	4	s-i.
105	single	1	5	i.-q
105	single	1	6	q-w
105	single	1	7	w-i
105	single	1	8	i-_
106	single	3	1	_-g
106	single	3	2	g-a.
106	single	3	3	a.-i.
106	single	3	4	i.-q
106	single	3	5	q-i.
106	single	3	6	i.-a.
106	single	3	7	a.-S
106	single	3	8	S-_
107	single	1	1	_-e
107	single	1	2	e-n
107	single	1	3	n-q
107	single	1	4	q-u.
107	single	1	5	u.-S
107	single	1	6	S-X
107	single	1	7	X-e
107	single	1	8	e-_
108	single	1	1	_-u
108	single	1	2	u-q
108	single	1	3	q-s.
108	single	1	4	s.-i.
108	single	1	5	i.-l
108	single	1	6	l-X
108	single	1	7	X-i
108	single	1	8	i-_
109	single	3	1	_-w
109	single	3	2	w-e
109	single	3	3	e-a
109	single	3	4	a-H
109	single	3	5	H-i
109	single	3	6	i-e
109	single	3	7	e-z
109	single	3	8	z-_
110	single	1	1	_-u
110	single	1	2	u-t.
110	single	1	3	t.-r
110	single	1	4	r-i.
110	single	1	5	i.-t.
110	single	1	6	t.-r
110	single	1	7	r-e
110	single	1	8	e-_
111	single	2	1	_-j
111	single	2	2	j-i.
111	single	2	3	i.-t.
111	single	2	4	t.-a.
111	single	2	5	a.-m
111	single	2	6	m-t.
111	single	2	7	t.-a.
111	single	2	8	a.-x
111	single	2	9	x-_
112	single	1	1	_-e
112	single	1	2	e-S
112	single	1	3	S-l
112	single	1	4	l-e
112	single	1	5	e-X
112	single	1	6	X-s.
112	single	1	7	s.-u.
112	single	1	8	u.-_
113	single	3	1	_-l
113	single	3	2	l-a.
113	single	3	3	a.-e.
113	single	3	4	e.-t.
113	single	3	5	t.-u.
113	single	3	6	u.-a.
113	single	3	7	a.-p
113	single	3	8	p-_
114	single	1	1	_-a
114	single	1	2	a-t.
114	single	1	3	t.-X
114	single	1	4	X-a
114	single	1	5	a-x
114	single	1	6	x-X
114	single	1	7	X-u
114	single	1	8	u-_
115	single	3	1	_-j
115	single	3	2	j-u
115	single	3	3	u-a
115	single	3	4	a-j
115	single	3	5	j-u
115	single	3	6	u-e
115	single	3	7	e-g
115	single	3	8	g-_
116	single	1	1	_-u
116	single	1	2	u-g
116	single	1	3	g-r
116	single	1	4	r-i
116	single	1	5	i-n
116	single	1	6	n-p
116	single	1	7	p-a
116	single	1	8	a-_
117	single	3	1	_-w
117	single	3	2	w-u
117	single	3	3	u-e
117	single	3	4	e-w
117	single	3	5	w-a
117	single	3	6	a-a
117	single	3	7	a-p
117	single	3	8	p-_
118	single	2	1	_-j
118	single	2	2	j-e.
118	single	2	3	e.-q
118	single	2	4	q-i.
118	single	2	5	i.-p
118	single	2	6	p-?
118	single	2	7	?-e
118	single	2	8	e-p
118	single	2	9	p-_
119	single	1	1	_-a
119	single	1	2	a-z
119	single	1	3	z-t.
119	single	1	4	t.-i.
119	single	1	5	i.-x
119	single	1	6	x-q
119	single	1	7	q-u.
119	single	1	8	u.-_
120	single	1	1	_-i
120	single	1	2	i-z
120	single	1	3	z-w
120	single	1	4	w-a.
120	single	1	5	a.-t.
120	single	1	6	t.-n
120	single	1	7	n-i
120	single	1	8	i-_
121	single	1	1	_-a
121	single	1	2	a-s
121	single	1	3	s-s
121	single	1	4	s-i.
121	single	1	5	i.-t.
121	single	1	6	t.-?
121	single	1	7	?-u
121	single	1	8	u-_
122	single	1	1	_-e
122	single	1	2	e-p
122	single	1	3	p-x
122	single	1	4	x-u.
122	single	1	5	u.-s.
122	single	1	6	s.-p
122	single	1	7	p-i
122	single	1	8	i-_
123	single	1	1	_-u
123	single	1	2	u-j
123	single	1	3	j-p
123	single	1	4	p-i
123	single	1	5	i-r
123	single	1	6	r-j
123	single	1	7	j-a
123	single	1	8	a-_
124	single	3	1	_-r
124	single	3	2	r-u.
124	single	3	3	u.-u.
124	single	3	4	u.-q
124	single	3	5	q-i.
124	single	3	6	i.-u.
124	single	3	7	u.-g
124	single	3	8	g-_
125	single	3	1	_-t.
125	single	3	2	t.-u.
125	single	3	3	u.-e.
125	single	3	4	e.-l
125	single	3	5	l-e
125	single	3	6	e-e
125	single	3	7	e-S
125	single	3	8	S-_
126	single	1	1	_-i
126	single	1	2	i-t.
126	single	1	3	t.-S
126	single	1	4	S-u
126	single	1	5	u-d
126	single	1	6	d-t.
126	single	1	7	t.-a.
126	single	1	8	a.-_
127	single	1	1	_-e
127	single	1	2	e-?
127	single	1	3	?-r
127	single	1	4	r-u
127	single	1	5	u-j
127	single	1	6	j-t.
127	single	1	7	t.-a.
127	single	1	8	a.-_
128	single	2	1	_-s.
128	single	2	2	s.-i.
128	single	2	3	i.-n
128	single	2	4	n-i.
128	single	2	5	i.-q
128	single	2	6	q-z
128	single	2	7	z-a.
128	single	2	8	a.-q
128	single	2	9	q-_
129	single	1	1	_-i
129	single	1	2	i-t
129	single	1	3	t-k
129	single	1	4	k-a
129	single	1	5	a-n
129	single	1	6	n-w
129	single	1	7	w-i
129	single	1	8	i-_
130	single	3	1	_-s
130	single	3	2	s-u
130	single	3	3	u-i
130	single	3	4	i-X
130	single	3	5	X-u.
130	single	3	6	u.-u.
130	single	3	7	u.-q
130	single	3	8	q-_
131	single	1	1	_-u
131	single	1	2	u-t.
131	single	1	3	t.-s.
131	single	1	4	s.-e.
131	single	1	5	e.-z
131	single	1	6	z-?
131	single	1	7	?-e
131	single	1	8	e-_
132	single	1	1	_-e
132	single	1	2	e-l
132	single	1	3	l-t.
132	single	1	4	t.-i.
132	single	1	5	i.-b
132	single	1	6	b-n
132	single	1	7	n-a
132	single	1	8	a-_
133	single	1	1	_-u
133	single	1	2	u-b
133	single	1	3	b-s
133	single	1	4	s-a
133	single	1	5	a-m
133	single	1	6	m-s.
133	single	1	7	s.-u.
133	single	1	8	u.-_
134	single	2	1	_-q
134	single	2	2	q-u.
134	single	2	3	u.-n
134	single	2	4	n-u
134	single	2	5	u-d
134	single	2	6	d-m
134	single	2	7	m-u
134	single	2	8	u-H
134	single	2	9	H-_
135	single	3	1	_-g
135	single	3	2	g-u.
135	single	3	3	u.-i.
135	single	3	4	i.-s.
135	single	3	5	s.-e.
135	single	3	6	e.-i.
135	single	3	7	i.-w
135	single	3	8	w-_
136	single	2	1	_-q
136	single	2	2	q-u.
136	single	2	3	u.-?
136	single	2	4	?-i
136	single	2	5	i-r
136	single	2	6	r-n
136	single	2	7	n-a
136	single	2	8	a-t
136	single	2	9	t-_
137	single	2	1	_-b
137	single	2	2	b-a.
137	single	2	3	a.-q
137	single	2	4	q-i.
137	single	2	5	i.-?
137	single	2	6	?-m
137	single	2	7	m-a
137	single	2	8	a-m
137	single	2	9	m-_
138	single	1	1	_-u
138	single	1	2	u-X
138	single	1	3	X-b
138	single	1	4	b-e
138	single	1	5	e-g
138	single	1	6	g-s
138	single	1	7	s-e
138	single	1	8	e-_
139	single	1	1	_-u
139	single	1	2	u-S
139	single	1	3	S-S
139	single	1	4	S-e.
139	single	1	5	e.-s.
139	single	1	6	s.-H
139	single	1	7	H-e
139	single	1	8	e-_
140	single	1	1	_-i
140	single	1	2	i-q
140	single	1	3	q-S
140	single	1	4	S-i.
140	single	1	5	i.-s.
140	single	1	6	s.-X
140	single	1	7	X-e
140	single	1	8	e-_
141	single	1	1	_-a
141	single	1	2	a-j
141	single	1	3	j-H
141	single	1	4	H-a
141	single	1	5	a-X
141	single	1	6	X-n
141	single	1	7	n-e
141	single	1	8	e-_
142	single	1	1	_-i
142	single	1	2	i-x
142	single	1	3	x-l
142	single	1	4	l-i
142	single	1	5	i-t
142	single	1	6	t-q
142	single	1	7	q-i.
142	single	1	8	i.-_
143	single	2	1	_-k
143	single	2	2	k-e
143	single	2	3	e-b
143	single	2	4	b-i
143	single	2	5	i-w
143	single	2	6	w-k
143	single	2	7	k-e
143	single	2	8	e-t.
143	single	2	9	t.-_
144	single	3	1	_-n
144	single	3	2	n-e.
144	single	3	3	e.-e.
144	single	3	4	e.-q
144	single	3	5	q-e.
144	single	3	6	e.-e.
144	single	3	7	e.-X
144	single	3	8	X-_
145	single	3	1	_-t.
145	single	3	2	t.-i.
145	single	3	3	i.-a.
145	single	3	4	a.-z
145	single	3	5	z-e
145	single	3	6	e-u
145	single	3	7	u-l
145	single	3	8	l-_
146	single	2	1	_-w
146	single	2	2	w-a.
146	single	2	3	a.-q
146	single	2	4	q-a.
146	single	2	5	a.-s
146	single	2	6	s-m
146	single	2	7	m-i
146	single	2	8	i-?
146	single	2	9	?-_
147	single	1	1	_-u
147	single	1	2	u-?
147	single	1	3	?-x
147	single	1	4	x-e
147	single	1	5	e-g
147	single	1	6	g-p
147	single	1	7	p-e
147	single	1	8	e-_
148	single	1	1	_-e
148	single	1	2	e-r
148	single	1	3	r-?
148	single	1	4	?-a.
148	single	1	5	a.-q
148	single	1	6	q-r
148	single	1	7	r-i
148	single	1	8	i-_
149	single	1	1	_-a
149	single	1	2	a-m
149	single	1	3	m-q
149	single	1	4	q-a.
149	single	1	5	a.-k
149	single	1	6	k-t.
149	single	1	7	t.-e.
149	single	1	8	e.-_
150	single	1	1	_-i
150	single	1	2	i-?
150	single	1	3	?-t.
150	single	1	4	t.-e.
150	single	1	5	e.-p
150	single	1	6	p-s
150	single	1	7	s-a
150	single	1	8	a-_
151	single	1	1	_-i
151	single	1	2	i-b
151	single	1	3	b-t.
151	single	1	4	t.-a.
151	single	1	5	a.-r
151	single	1	6	r-g
151	single	1	7	g-a
151	single	1	8	a-_
152	single	2	1	_-X
152	single	2	2	X-u.
152	single	2	3	u.-q
152	single	2	4	q-e.
152	single	2	5	e.-k
152	single	2	6	k-d
152	single	2	7	d-u
152	single	2	8	u-t.
152	single	2	9	t.-_
153	single	3	1	_-x
153	single	3	2	x-e
153	single	3	3	e-i
153	single	3	4	i-g
153	single	3	5	g-e
153	single	3	6	e-a
153	single	3	7	a-p
153	single	3	8	p-_
154	single	1	1	_-u
154	single	1	2	u-S
154	single	1	3	S-s.
154	single	1	4	s.-a.
154	single	1	5	a.-H
154	single	1	6	H-k
154	single	1	7	k-a
154	single	1	8	a-_
155	single	2	1	_-k
155	single	2	2	k-i
155	single	2	3	i-s.
155	single	2	4	s.-e.
155	single	2	5	e.-r
155	single	2	6	r-s.
155	single	2	7	s.-e.
155	single	2	8	e.-b
155	single	2	9	b-_
156	single	2	1	_-s.
156	single	2	2	s.-a.
156	single	2	3	a.-X
156	single	2	4	X-a.
156	single	2	5	a.-t.
156	single	2	6	t.-?
156	single	2	7	?-e.
156	single	2	8	e.-q
156	single	2	9	q-_
157	single	1	1	_-u
157	single	1	2	u-n
157	single	1	3	n-s.
157	single	1	4	s.-a.
157	single	1	5	a.-x
157	single	1	6	x-t.
157	single	1	7	t.-e.
157	single	1	8	e.-_
158	single	3	1	_-s
158	single	3	2	s-a.
158	single	3	3	a.-u.
158	single	3	4	u.-t.
158	single	3	5	t.-a.
158	single	3	6	a.-e.
158	single	3	7	e.-g
158	single	3	8	g-_
159	single	2	1	_-g
159	single	2	2	g-a.
159	single	2	3	a.-t.
159	single	2	4	t.-i.
159	single	2	5	i.-k
159	single	2	6	k-m
159	single	2	7	m-a.
159	single	2	8	a.-s.
159	single	2	9	s.-_
160	single	2	1	_-w
160	single	2	2	w-u.
160	single	2	3	u.-t.
160	single	2	4	t.-a.
160	single	2	5	a.-b
160	single	2	6	b-q
160	single	2	7	q-u.
160	single	2	8	u.-s
160	single	2	9	s-_
161	single	2	1	_-n
161	single	2	2	n-u.
161	single	2	3	u.-q
161	single	2	4	q-a.
161	single	2	5	a.-m
161	single	2	6	m-s.
161	single	2	7	s.-u.
161	single	2	8	u.-?
161	single	2	9	?-_
162	single	3	1	_-H
162	single	3	2	H-i.
162	single	3	3	i.-u.
162	single	3	4	u.-t.
162	single	3	5	t.-u.
162	single	3	6	u.-a.
162	single	3	7	a.-m
162	single	3	8	m-_
163	single	1	1	_-e
163	single	1	2	e-s.
163	single	1	3	s.-s.
163	single	1	4	s.-e.
163	single	1	5	e.-r
163	single	1	6	r-x
163	single	1	7	x-a
163	single	1	8	a-_
164	single	1	1	_-a
164	single	1	2	a-g
164	single	1	3	g-t.
164	single	1	4	t.-e.
164	single	1	5	e.-l
164	single	1	6	l-r
164	single	1	7	r-u
164	single	1	8	u-_
165	single	2	1	_-w
165	single	2	2	w-e.
165	single	2	3	e.-q
165	single	2	4	q-u.
165	single	2	5	u.-H
165	single	2	6	H-l
165	single	2	7	l-a
165	single	2	8	a-l
165	single	2	9	l-_
166	single	1	1	_-e
166	single	1	2	e-q
166	single	1	3	q-z
166	single	1	4	z-u.
166	single	1	5	u.-s.
166	single	1	6	s.-s
166	single	1	7	s-i
166	single	1	8	i-_
167	single	1	1	_-u
167	single	1	2	u-k
167	single	1	3	k-q
167	single	1	4	q-a.
167	single	1	5	a.-p
167	single	1	6	p-d
167	single	1	7	d-a
167	single	1	8	a-_
168	single	1	1	_-u
168	single	1	2	u-?
168	single	1	3	?-t
168	single	1	4	t-a
168	single	1	5	a-t.
168	single	1	6	t.-t
168	single	1	7	t-i
168	single	1	8	i-_
169	single	2	1	_-b
169	single	2	2	b-a.
169	single	2	3	a.-q
169	single	2	4	q-e.
169	single	2	5	e.-w
169	single	2	6	w-x
169	single	2	7	x-e.
169	single	2	8	e.-t.
169	single	2	9	t.-_
170	single	1	1	_-i
170	single	1	2	i-m
170	single	1	3	m-S
170	single	1	4	S-u.
170	single	1	5	u.-t.
170	single	1	6	t.-p
170	single	1	7	p-u
170	single	1	8	u-_
171	single	2	1	_-n
171	single	2	2	n-a.
171	single	2	3	a.-q
171	single	2	4	q-e.
171	single	2	5	e.-s
171	single	2	6	s-t.
171	single	2	7	t.-u.
171	single	2	8	u.-s
171	single	2	9	s-_
172	single	1	1	_-e
172	single	1	2	e-q
172	single	1	3	q-x
172	single	1	4	x-i
172	single	1	5	i-H
172	single	1	6	H-g
172	single	1	7	g-u
172	single	1	8	u-_
173	single	3	1	_-m
173	single	3	2	m-e.
173	single	3	3	e.-a.
173	single	3	4	a.-s.
173	single	3	5	s.-a.
173	single	3	6	a.-i.
173	single	3	7	i.-?
173	single	3	8	?-_
174	single	1	1	_-i
174	single	1	2	i-w
174	single	1	3	w-?
174	single	1	4	?-i.
174	single	1	5	i.-q
174	single	1	6	q-k
174	single	1	7	k-i
174	single	1	8	i-_
175	single	1	1	_-a
175	single	1	2	a-k
175	single	1	3	k-z
175	single	1	4	z-a
175	single	1	5	a-X
175	single	1	6	X-r
175	single	1	7	r-u
175	single	1	8	u-_
176	single	1	1	_-e
176	single	1	2	e-n
176	single	1	3	n-b
176	single	1	4	b-i.
176	single	1	5	i.-s.
176	single	1	6	s.-g
176	single	1	7	g-e
176	single	1	8	e-_
177	single	1	1	_-e
177	single	1	2	e-X
177	single	1	3	X-X
177	single	1	4	X-u.
177	single	1	5	u.-q
177	single	1	6	q-j
177	single	1	7	j-e
177	single	1	8	e-_
178	single	1	1	_-u
178	single	1	2	u-w
178	single	1	3	w-s.
178	single	1	4	s.-a.
178	single	1	5	a.-S
178	single	1	6	S-x
178	single	1	7	x-i
178	single	1	8	i-_
179	single	1	1	_-i
179	single	1	2	i-t.
179	single	1	3	t.-p
179	single	1	4	p-u.
179	single	1	5	u.-t.
179	single	1	6	t.-x
179	single	1	7	x-a
179	single	1	8	a-_
180	single	1	1	_-i
180	single	1	2	i-p
180	single	1	3	p-S
180	single	1	4	S-i
180	single	1	5	i-d
180	single	1	6	d-r
180	single	1	7	r-e
180	single	1	8	e-_
181	single	1	1	_-u
181	single	1	2	u-t
181	single	1	3	t-d
181	single	1	4	d-u
181	single	1	5	u-s
181	single	1	6	s-k
181	single	1	7	k-u
181	single	1	8	u-_
182	single	2	1	_-x
182	single	2	2	x-i
182	single	2	3	i-l
182	single	2	4	l-i.
182	single	2	5	i.-s.
182	single	2	6	s.-z
182	single	2	7	z-u.
182	single	2	8	u.-t.
182	single	2	9	t.-_
183	single	1	1	_-e
183	single	1	2	e-H
183	single	1	3	H-s
183	single	1	4	s-a
183	single	1	5	a-k
183	single	1	6	k-w
183	single	1	7	w-e
183	single	1	8	e-_
184	single	1	1	_-i
184	single	1	2	i-p
184	single	1	3	p-s.
184	single	1	4	s.-u.
184	single	1	5	u.-r
184	single	1	6	r-H
184	single	1	7	H-a
184	single	1	8	a-_
185	single	1	1	_-u
185	single	1	2	u-t.
185	single	1	3	t.-q
185	single	1	4	q-a.
185	single	1	5	a.-t
185	single	1	6	t-j
185	single	1	7	j-e
185	single	1	8	e-_
186	single	2	1	_-t.
186	single	2	2	t.-i.
186	single	2	3	i.-k
186	single	2	4	k-i
186	single	2	5	i-s.
186	single	2	6	s.-t.
186	single	2	7	t.-i.
186	single	2	8	i.-s
186	single	2	9	s-_
187	single	2	1	_-q
187	single	2	2	q-u.
187	single	2	3	u.-r
187	single	2	4	r-u
187	single	2	5	u-s
187	single	2	6	s-q
187	single	2	7	q-e.
187	single	2	8	e.-H
187	single	2	9	H-_
188	single	3	1	_-m
188	single	3	2	m-u.
188	single	3	3	u.-e.
188	single	3	4	e.-t.
188	single	3	5	t.-a.
188	single	3	6	a.-u.
188	single	3	7	u.-t
188	single	3	8	t-_
189	single	2	1	_-?
189	single	2	2	?-a.
189	single	2	3	a.-q
189	single	2	4	q-u.
189	single	2	5	u.-n
189	single	2	6	n-g
189	single	2	7	g-i
189	single	2	8	i-t
189	single	2	9	t-_
190	single	1	1	_-e
190	single	1	2	e-z
190	single	1	3	z-s
190	single	1	4	s-i.
190	single	1	5	i.-s.
190	single	1	6	s.-H
190	single	1	7	H-u
190	single	1	8	u-_
191	single	1	1	_-a
191	single	1	2	a-s.
191	single	1	3	s.-t.
191	single	1	4	t.-u.
191	single	1	5	u.-?
191	single	1	6	?-x
191	single	1	7	x-e
191	single	1	8	e-_
192	single	2	1	_-l
192	single	2	2	l-a.
192	single	2	3	a.-q
192	single	2	4	q-e.
192	single	2	5	e.-X
192	single	2	6	X-q
192	single	2	7	q-e.
192	single	2	8	e.-n
192	single	2	9	n-_
193	single	3	1	_-g
193	single	3	2	g-e.
193	single	3	3	e.-a.
193	single	3	4	a.-s.
193	single	3	5	s.-u.
193	single	3	6	u.-i.
193	single	3	7	i.-d
193	single	3	8	d-_
194	single	1	1	_-u
194	single	1	2	u-z
194	single	1	3	z-q
194	single	1	4	q-u.
194	single	1	5	u.-b
194	single	1	6	b-z
194	single	1	7	z-e
194	single	1	8	e-_
195	single	1	1	_-u
195	single	1	2	u-d
195	single	1	3	d-t
195	single	1	4	t-u
195	single	1	5	u-s
195	single	1	6	s-n
195	single	1	7	n-i
195	single	1	8	i-_
196	single	1	1	_-a
196	single	1	2	a-b
196	single	1	3	b-?
196	single	1	4	?-a.
196	single	1	5	a.-q
196	single	1	6	q-p
196	single	1	7	p-a
196	single	1	8	a-_
197	single	1	1	_-a
197	single	1	2	a-X
197	single	1	3	X-z
197	single	1	4	z-a.
197	single	1	5	a.-s.
197	single	1	6	s.-t
197	single	1	7	t-u
197	single	1	8	u-_
198	single	1	1	_-e
198	single	1	2	e-j
198	single	1	3	j-s.
198	single	1	4	s.-u.
198	single	1	5	u.-z
198	single	1	6	z-X
198	single	1	7	X-u
198	single	1	8	u-_
199	single	2	1	_-S
199	single	2	2	S-i.
199	single	2	3	i.-t.
199	single	2	4	t.-i.
199	single	2	5	i.-s
199	single	2	6	s-s.
199	single	2	7	s.-e.
199	single	2	8	e.-w
199	single	2	9	w-_
200	single	1	1	_-a
200	single	1	2	a-d
200	single	1	3	d-x
200	single	1	4	x-i.
200	single	1	5	i.-q
200	single	1	6	q-H
200	single	1	7	H-i
200	single	1	8	i-_
201	single	2	1	_-?
201	single	2	2	?-u.
201	single	2	3	u.-s.
201	single	2	4	s.-u.
201	single	2	5	u.-d
201	single	2	6	d-r
201	single	2	7	r-u
201	single	2	8	u-z
201	single	2	9	z-_
202	single	1	1	_-a
202	single	1	2	a-q
202	single	1	3	q-l
202	single	1	4	l-i
202	single	1	5	i-?
202	single	1	6	?-S
202	single	1	7	S-u
202	single	1	8	u-_
203	single	1	1	_-e
203	single	1	2	e-S
203	single	1	3	S-n
203	single	1	4	n-e.
203	single	1	5	e.-s.
203	single	1	6	s.-n
203	single	1	7	n-a
203	single	1	8	a-_
204	single	1	1	_-u
204	single	1	2	u-j
204	single	1	3	j-k
204	single	1	4	k-u
204	single	1	5	u-g
204	single	1	6	g-b
204	single	1	7	b-i
204	single	1	8	i-_
205	single	2	1	_-w
205	single	2	2	w-u.
205	single	2	3	u.-t.
205	single	2	4	t.-e.
205	single	2	5	e.-j
205	single	2	6	j-z
205	single	2	7	z-i
205	single	2	8	i-d
205	single	2	9	d-_
206	single	1	1	_-u
206	single	1	2	u-p
206	single	1	3	p-q
206	single	1	4	q-a.
206	single	1	5	a.-x
206	single	1	6	x-?
206	single	1	7	?-a
206	single	1	8	a-_
207	single	1	1	_-e
207	single	1	2	e-g
207	single	1	3	g-t.
207	single	1	4	t.-e.
207	single	1	5	e.-t
207	single	1	6	t-m
207	single	1	7	m-i
207	single	1	8	i-_
208	single	3	1	_-t.
208	single	3	2	t.-a.
208	single	3	3	a.-i.
208	single	3	4	i.-z
208	single	3	5	z-e.
208	single	3	6	e.-i.
208	single	3	7	i.-q
208	single	3	8	q-_
209	single	1	1	_-u
209	single	1	2	u-w
209	single	1	3	w-w
209	single	1	4	w-e.
209	single	1	5	e.-q
209	single	1	6	q-t
209	single	1	7	t-a
209	single	1	8	a-_
210	single	3	1	_-r
210	single	3	2	r-i
210	single	3	3	i-u
210	single	3	4	u-X
210	single	3	5	X-i.
210	single	3	6	i.-e.
210	single	3	7	e.-t.
210	single	3	8	t.-_
211	single	1	1	_-i
211	single	1	2	i-m
211	single	1	3	m-m
211	single	1	4	m-a.
211	single	1	5	a.-t.
211	single	1	6	t.-z
211	single	1	7	z-e
211	single	1	8	e-_
212	single	2	1	_-d
212	single	2	2	d-i
212	single	2	3	i-p
212	single	2	4	p-e.
212	single	2	5	e.-q
212	single	2	6	q-t.
212	single	2	7	t.-e.
212	single	2	8	e.-x
212	single	2	9	x-_
213	single	1	1	_-i
213	single	1	2	i-j
213	single	1	3	j-r
213	single	1	4	r-u.
213	single	1	5	u.-t.
213	single	1	6	t.-w
213	single	1	7	w-u
213	single	1	8	u-_
214	single	2	1	_-d
214	single	2	2	d-e
214	single	2	3	e-t.
214	single	2	4	t.-i.
214	single	2	5	i.-g
214	single	2	6	g-r
214	single	2	7	r-e.
214	single	2	8	e.-s.
214	single	2	9	s.-_
215	single	1	1	_-e
215	single	1	2	e-q
215	single	1	3	q-p
215	single	1	4	p-e.
215	single	1	5	e.-q
215	single	1	6	q-m
215	single	1	7	m-u
215	single	1	8	u-_
216	single	1	1	_-u
216	single	1	2	u-s.
216	single	1	3	s.-X
216	single	1	4	X-a.
216	single	1	5	a.-s.
216	single	1	6	s.-x
216	single	1	7	x-a
216	single	1	8	a-_
217	single	1	1	_-u
217	single	1	2	u-m
217	single	1	3	m-z
217	single	1	4	z-e
217	single	1	5	e-m
217	single	1	6	m-p
217	single	1	7	p-a
217	single	1	8	a-_
218	single	1	1	_-a
218	single	1	2	a-d
218	single	1	3	d-s.
218	single	1	4	s.-a.
218	single	1	5	a.-n
218	single	1	6	n-w
218	single	1	7	w-u
218	single	1	8	u-_
219	single	1	1	_-a
219	single	1	2	a-s.
219	single	1	3	s.-k
219	single	1	4	k-i
219	single	1	5	i-m
219	single	1	6	m-s
219	single	1	7	s-e
219	single	1	8	e-_
220	single	2	1	_-q
220	single	2	2	q-i.
220	single	2	3	i.-z
220	single	2	4	z-a
220	single	2	5	a-s
220	single	2	6	s-r
220	single	2	7	r-a.
220	single	2	8	a.-t.
220	single	2	9	t.-_
221	single	1	1	_-u
221	single	1	2	u-n
221	single	1	3	n-n
221	single	1	4	n-a.
221	single	1	5	a.-t.
221	single	1	6	t.-k
221	single	1	7	k-e
221	single	1	8	e-_
222	single	1	1	_-e
222	single	1	2	e-p
222	single	1	3	p-t.
222	single	1	4	t.-u.
222	single	1	5	u.-w
222	single	1	6	w-p
222	single	1	7	p-e
222	single	1	8	e-_
223	single	1	1	_-i
223	single	1	2	i-q
223	single	1	3	q-s
223	single	1	4	s-u
223	single	1	5	u-x
223	single	1	6	x-x
223	single	1	7	x-i
223	single	1	8	i-_
224	single	3	1	_-n
224	single	3	2	n-i.
224	single	3	3	i.-a.
224	single	3	4	a.-t.
224	single	3	5	t.-a.
224	single	3	6	a.-u.
224	single	3	7	u.-d
224	single	3	8	d-_
225	single	1	1	_-i
225	single	1	2	i-d
225	single	1	3	d-q
225	single	1	4	q-e.
225	single	1	5	e.-H
225	single	1	6	H-m
225	single	1	7	m-u
225	single	1	8	u-_
226	single	1	1	_-i
226	single	1	2	i-m
226	single	1	3	m-w
226	single	1	4	w-a.
226	single	1	5	a.-q
226	single	1	6	q-q
226	single	1	7	q-u.
226	single	1	8	u.-_
227	single	1	1	_-a
227	single	1	2	a-z
227	single	1	3	z-r
227	single	1	4	r-i.
227	single	1	5	i.-q
227	single	1	6	q-t.
227	single	1	7	t.-u.
227	single	1	8	u.-_
228	single	2	1	_-s.
228	single	2	2	s.-e.
228	single	2	3	e.-j
228	single	2	4	j-i.
228	single	2	5	i.-t.
228	single	2	6	t.-s.
228	single	2	7	s.-e.
228	single	2	8	e.-r
228	single	2	9	r-_
229	single	1	1	_-i
229	single	1	2	i-b
229	single	1	3	b-S
229	single	1	4	S-u.
229	single	1	5	u.-q
229	single	1	6	q-s
229	single	1	7	s-a
229	single	1	8	a-_
230	single	2	1	_-q
230	single	2	2	q-a.
230	single	2	3	a.-s
230	single	2	4	s-u
230	single	2	5	u-b
230	single	2	6	b-t.
230	single	2	7	t.-e.
230	single	2	8	e.-?
230	single	2	9	?-_
231	single	2	1	_-s.
231	single	2	2	s.-a.
231	single	2	3	a.-k
231	single	2	4	k-i
231	single	2	5	i-x
231	single	2	6	x-m
231	single	2	7	m-i.
231	single	2	8	i.-s.
231	single	2	9	s.-_
232	single	2	1	_-x
232	single	2	2	x-e.
232	single	2	3	e.-q
232	single	2	4	q-e.
232	single	2	5	e.-z
232	single	2	6	z-t
232	single	2	7	t-i
232	single	2	8	i-s.
232	single	2	9	s.-_
233	single	1	1	_-u
233	single	1	2	u-r
233	single	1	3	r-q
233	single	1	4	q-u.
233	single	1	5	u.-x
233	single	1	6	x-s.
233	single	1	7	s.-a.
233	single	1	8	a.-_
234	single	3	1	_-w
234	single	3	2	w-u
234	single	3	3	u-u
234	single	3	4	u-p
234	single	3	5	p-a.
234	single	3	6	a.-e.
234	single	3	7	e.-s.
234	single	3	8	s.-_
235	single	3	1	_-s.
235	single	3	2	s.-e.
235	single	3	3	e.-u.
235	single	3	4	u.-l
235	single	3	5	l-i
235	single	3	6	i-a
235	single	3	7	a-p
235	single	3	8	p-_
236	single	2	1	_-q
236	single	2	2	q-u.
236	single	2	3	u.-z
236	single	2	4	z-e
236	single	2	5	e-w
236	single	2	6	w-l
236	single	2	7	l-u.
236	single	2	8	u.-t.
236	single	2	9	t.-_
237	single	2	1	_-j
237	single	2	2	j-u.
237	single	2	3	u.-q
237	single	2	4	q-a.
237	single	2	5	a.-l
237	single	2	6	l-r
237	single	2	7	r-u
237	single	2	8	u-n
237	single	2	9	n-_
238	single	1	1	_-a
238	single	1	2	a-k
238	single	1	3	k-s.
238	single	1	4	s.-i.
238	single	1	5	i.-t
238	single	1	6	t-b
238	single	1	7	b-i
238	single	1	8	i-_
239	single	1	1	_-e
239	single	1	2	e-H
239	single	1	3	H-t.
239	single	1	4	t.-u.
239	single	1	5	u.-w
239	single	1	6	w-q
239	single	1	7	q-u.
239	single	1	8	u.-_
240	single	1	1	_-i
240	single	1	2	i-l
240	single	1	3	l-q
240	single	1	4	q-i.
240	single	1	5	i.-j
240	single	1	6	j-p
240	single	1	7	p-u
240	single	1	8	u-_
241	single	3	1	_-r
241	single	3	2	r-a.
241	single	3	3	a.-a.
241	single	3	4	a.-q
241	single	3	5	q-i.
241	single	3	6	i.-u.
241	single	3	7	u.-k
241	single	3	8	k-_
242	single	1	1	_-u
242	single	1	2	u-z
242	single	1	3	z-s.
242	single	1	4	s.-e.
242	single	1	5	e.-m
242	single	1	6	m-g
242	single	1	7	g-u
242	single	1	8	u-_
243	single	1	1	_-u
243	single	1	2	u-l
243	single	1	3	l-b
243	single	1	4	b-a
243	single	1	5	a-r
243	single	1	6	r-m
243	single	1	7	m-u
243	single	1	8	u-_
244	single	2	1	_-g
244	single	2	2	g-i.
244	single	2	3	i.-t.
244	single	2	4	t.-e.
244	single	2	5	e.-l
244	single	2	6	l-p
244	single	2	7	p-u
244	single	2	8	u-S
244	single	2	9	S-_
245	single	1	1	_-a
245	single	1	2	a-t
245	single	1	3	t-S
245	single	1	4	S-e.
245	single	1	5	e.-t.
245	single	1	6	t.-d
245	single	1	7	d-i
245	single	1	8	i-_
246	single	1	1	_-a
246	single	1	2	a-s
246	single	1	3	s-s.
246	single	1	4	s.-e.
246	single	1	5	e.-S
246	single	1	6	S-w
246	single	1	7	w-i
246	single	1	8	i-_
247	single	1	1	_-i
247	single	1	2	i-z
247	single	1	3	z-m
247	single	1	4	m-a.
247	single	1	5	a.-s.
247	single	1	6	s.-j
247	single	1	7	j-a
247	single	1	8	a-_
248	single	1	1	_-a
248	single	1	2	a-n
248	single	1	3	n-l
248	single	1	4	l-i
248	single	1	5	i-?
248	single	1	6	?-X
248	single	1	7	X-u
248	single	1	8	u-_
249	single	1	1	_-e
249	single	1	2	e-l
249	single	1	3	l-s.
249	single	1	4	s.-a.
249	single	1	5	a.-d
249	single	1	6	d-k
249	single	1	7	k-u
249	single	1	8	u-_
250	single	2	1	_-H
250	single	2	2	H-a.
250	single	2	3	a.-s.
250	single	2	4	s.-e.
250	single	2	5	e.-b
250	single	2	6	b-z
250	single	2	7	z-i
250	single	2	8	i-S
250	single	2	9	S-_
251	single	1	1	_-u
251	single	1	2	u-S
251	single	1	3	S-r
251	single	1	4	r-i.
251	single	1	5	i.-s.
251	single	1	6	s.-r
251	single	1	7	r-i
251	single	1	8	i-_
252	single	1	1	_-e
252	single	1	2	e-j
252	single	1	3	j-q
252	single	1	4	q-e.
252	single	1	5	e.-j
252	single	1	6	j-S
252	single	1	7	S-u
252	single	1	8	u-_
253	single	3	1	_-l
253	single	3	2	l-e.
253	single	3	3	e.-u.
253	single	3	4	u.-s.
253	single	3	5	s.-u.
253	single	3	6	u.-a.
253	single	3	7	a.-j
253	single	3	8	j-_
254	single	2	1	_-b
254	single	2	2	b-a
254	single	2	3	a-s
254	single	2	4	s-a.
254	single	2	5	a.-t.
254	single	2	6	t.-t.
254	single	2	7	t.-a.
254	single	2	8	a.-w
254	single	2	9	w-_
255	single	2	1	_-t.
255	single	2	2	t.-i.
255	single	2	3	i.-q
255	single	2	4	q-i.
255	single	2	5	i.-S
255	single	2	6	S-t.
255	single	2	7	t.-u.
255	single	2	8	u.-x
255	single	2	9	x-_
256	single	2	1	_-t.
256	single	2	2	t.-a.
256	single	2	3	a.-w
256	single	2	4	w-u
256	single	2	5	u-k
256	single	2	6	k-q
256	single	2	7	q-u.
256	single	2	8	u.-m
256	single	2	9	m-_
257	single	1	1	_-i
257	single	1	2	i-z
257	single	1	3	z-q
257	single	1	4	q-a.
257	single	1	5	a.-?
257	single	1	6	?-H
257	single	1	7	H-i
257	single	1	8	i-_
258	single	1	1	_-i
258	single	1	2	i-j
258	single	1	3	j-q
258	single	1	4	q-i.
258	single	1	5	i.-d
258	single	1	6	d-s
258	single	1	7	s-i
258	single	1	8	i-_
259	single	1	1	_-a
259	single	1	2	a-m
259	single	1	3	m-j
259	single	1	4	j-a.
259	single	1	5	a.-t.
259	single	1	6	t.-t.
259	single	1	7	t.-a.
259	single	1	8	a.-_
260	single	1	1	_-e
260	single	1	2	e-t
260	single	1	3	t-s.
260	single	1	4	s.-a.
260	single	1	5	a.-?
260	single	1	6	?-t.
260	single	1	7	t.-i.
260	single	1	8	i.-_
261	single	1	1	_-i
261	single	1	2	i-p
261	single	1	3	p-p
261	single	1	4	p-e.
261	single	1	5	e.-t.
261	single	1	6	t.-k
261	single	1	7	k-a
261	single	1	8	a-_
262	single	2	1	_-m
262	single	2	2	m-e.
262	single	2	3	e.-s.
262	single	2	4	s.-i.
262	single	2	5	i.-X
262	single	2	6	X-s.
262	single	2	7	s.-a.
262	single	2	8	a.-q
262	single	2	9	q-_
263	single	1	1	_-i
263	single	1	2	i-l
263	single	1	3	l-k
263	single	1	4	k-a
263	single	1	5	a-p
263	single	1	6	p-g
263	single	1	7	g-a
263	single	1	8	a-_
264	single	1	1	_-i
264	single	1	2	i-s
264	single	1	3	s-x
264	single	1	4	x-i.
264	single	1	5	i.-q
264	single	1	6	q-s.
264	single	1	7	s.-u.
264	single	1	8	u.-_
265	single	1	1	_-e
265	single	1	2	e-S
265	single	1	3	S-w
265	single	1	4	w-e.
265	single	1	5	e.-q
265	single	1	6	q-k
265	single	1	7	k-i
265	single	1	8	i-_
266	single	2	1	_-s.
266	single	2	2	s.-e.
266	single	2	3	e.-q
266	single	2	4	q-a.
266	single	2	5	a.-z
266	single	2	6	z-x
266	single	2	7	x-a.
266	single	2	8	a.-q
266	single	2	9	q-_
267	single	1	1	_-e
267	single	1	2	e-l
267	single	1	3	l-q
267	single	1	4	q-i.
267	single	1	5	i.-t
267	single	1	6	t-s.
267	single	1	7	s.-i.
267	single	1	8	i.-_
268	single	2	1	_-s
268	single	2	2	s-u.
268	single	2	3	u.-t.
268	single	2	4	t.-i.
268	single	2	5	i.-s
268	single	2	6	s-t.
268	single	2	7	t.-i.
268	single	2	8	i.-H
268	single	2	9	H-_
269	single	1	1	_-e
269	single	1	2	e-n
269	single	1	3	n-q
269	single	1	4	q-i.
269	single	1	5	i.-X
269	single	1	6	X-w
269	single	1	7	w-e
269	single	1	8	e-_
270	single	2	1	_-j
270	single	2	2	j-a.
270	single	2	3	a.-t.
270	single	2	4	t.-i.
270	single	2	5	i.-d
270	single	2	6	d-l
270	single	2	7	l-a
270	single	2	8	a-X
270	single	2	9	X-_
271	single	2	1	_-l
271	single	2	2	l-i.
271	single	2	3	i.-t.
271	single	2	4	t.-a.
271	single	2	5	a.-H
271	single	2	6	H-s.
271	single	2	7	s.-i.
271	single	2	8	i.-S
271	single	2	9	S-_
272	single	1	1	_-a
272	single	1	2	a-x
272	single	1	3	x-d
272	single	1	4	d-u
272	single	1	5	u-r
272	single	1	6	r-k
272	single	1	7	k-u
272	single	1	8	u-_
273	single	2	1	_-s.
273	single	2	2	s.-i.
273	single	2	3	i.-x
273	single	2	4	x-a
273	single	2	5	a-k
273	single	2	6	k-r
273	single	2	7	r-e.
273	single	2	8	e.-q
273	single	2	9	q-_
274	single	1	1	_-e
274	single	1	2	e-H
274	single	1	3	H-p
274	single	1	4	p-i.
274	single	1	5	i.-s.
274	single	1	6	s.-S
274	single	1	7	S-i
274	single	1	8	i-_
275	single	2	1	_-b
275	single	2	2	b-e.
275	single	2	3	e.-t.
275	single	2	4	t.-i.
275	single	2	5	i.-w
275	single	2	6	w-j
275	single	2	7	j-i.
275	single	2	8	i.-t.
275	single	2	9	t.-_
276	single	1	1	_-i
276	single	1	2	i-t
276	single	1	3	t-t.
276	single	1	4	t.-u.
276	single	1	5	u.-l
276	single	1	6	l-?
276	single	1	7	?-a
276	single	1	8	a-_
277	single	1	1	_-e
277	single	1	2	e-b
277	single	1	3	b-s.
277	single	1	4	s.-i.
277	single	1	5	i.-n
277	single	1	6	n-m
277	single	1	7	m-a
277	single	1	8	a-_
278	single	1	1	_-e
278	single	1	2	e-b
278	single	1	3	b-m
278	single	1	4	m-u.
278	single	1	5	u.-q
278	single	1	6	q-p
278	single	1	7	p-e
278	single	1	8	e-_
279	single	2	1	_-t.
279	single	2	2	t.-a.
279	single	2	3	a.-H
279	single	2	4	H-i.
279	single	2	5	i.-t.
279	single	2	6	t.-j
279	single	2	7	j-i.
279	single	2	8	i.-q
279	single	2	9	q-_
280	single	1	1	_-a
280	single	1	2	a-x
280	single	1	3	x-q
280	single	1	4	q-a.
280	single	1	5	a.-k
280	single	1	6	k-x
280	single	1	7	x-a
280	single	1	8	a-_
281	single	1	1	_-e
281	single	1	2	e-t.
281	single	1	3	t.-g
281	single	1	4	g-e.
281	single	1	5	e.-t.
281	single	1	6	t.-r
281	single	1	7	r-u
281	single	1	8	u-_
282	single	1	1	_-a
282	single	1	2	a-m
282	single	1	3	m-b
282	single	1	4	b-i.
282	single	1	5	i.-t.
282	single	1	6	t.-x
282	single	1	7	x-i
282	single	1	8	i-_
283	single	2	1	_-j
283	single	2	2	j-i.
283	single	2	3	i.-t.
283	single	2	4	t.-a.
283	single	2	5	a.-l
283	single	2	6	l-H
283	single	2	7	H-a.
283	single	2	8	a.-t.
283	single	2	9	t.-_
284	single	1	1	_-e
284	single	1	2	e-g
284	single	1	3	g-s.
284	single	1	4	s.-i.
284	single	1	5	i.-j
284	single	1	6	j-x
284	single	1	7	x-u
284	single	1	8	u-_
285	single	1	1	_-i
285	single	1	2	i-b
285	single	1	3	b-s
285	single	1	4	s-e.
285	single	1	5	e.-s.
285	single	1	6	s.-x
285	single	1	7	x-a
285	single	1	8	a-_
286	single	1	1	_-e
286	single	1	2	e-s
286	single	1	3	s-H
286	single	1	4	H-a
286	single	1	5	a-n
286	single	1	6	n-k
286	single	1	7	k-a
286	single	1	8	a-_
287	single	1	1	_-u
287	single	1	2	u-k
287	single	1	3	k-j
287	single	1	4	j-a
287	single	1	5	a-k
287	single	1	6	k-X
287	single	1	7	X-e
287	single	1	8	e-_
288	single	2	1	_-r
288	single	2	2	r-e.
288	single	2	3	e.-t.
288	single	2	4	t.-u.
288	single	2	5	u.-b
288	single	2	6	b-s.
288	single	2	7	s.-a.
288	single	2	8	a.-g
288	single	2	9	g-_
289	single	2	1	_-n
289	single	2	2	n-u.
289	single	2	3	u.-s.
289	single	2	4	s.-i.
289	single	2	5	i.-n
289	single	2	6	n-S
289	single	2	7	S-i
289	single	2	8	i-j
289	single	2	9	j-_
290	single	1	1	_-e
290	single	1	2	e-r
290	single	1	3	r-z
290	single	1	4	z-a
290	single	1	5	a-?
290	single	1	6	?-s
290	single	1	7	s-i
290	single	1	8	i-_
291	single	1	1	_-u
291	single	1	2	u-w
291	single	1	3	w-?
291	single	1	4	?-e
291	single	1	5	e-?
291	single	1	6	?-d
291	single	1	7	d-u
291	single	1	8	u-_
292	single	1	1	_-u
292	single	1	2	u-t
292	single	1	3	t-?
292	single	1	4	?-u
292	single	1	5	u-b
292	single	1	6	b-w
292	single	1	7	w-u
292	single	1	8	u-_
293	single	1	1	_-a
293	single	1	2	a-H
293	single	1	3	H-s.
293	single	1	4	s.-e.
293	single	1	5	e.-k
293	single	1	6	k-d
293	single	1	7	d-a
293	single	1	8	a-_
294	single	1	1	_-u
294	single	1	2	u-s
294	single	1	3	s-p
294	single	1	4	p-i
294	single	1	5	i-x
294	single	1	6	x-g
294	single	1	7	g-i
294	single	1	8	i-_
295	single	1	1	_-a
295	single	1	2	a-m
295	single	1	3	m-q
295	single	1	4	q-i.
295	single	1	5	i.-r
295	single	1	6	r-d
295	single	1	7	d-i
295	single	1	8	i-_
296	single	1	1	_-i
296	single	1	2	i-j
296	single	1	3	j-z
296	single	1	4	z-e.
296	single	1	5	e.-t.
296	single	1	6	t.-?
296	single	1	7	?-e
296	single	1	8	e-_
297	single	1	1	_-a
297	single	1	2	a-?
297	single	1	3	?-q
297	single	1	4	q-a.
297	single	1	5	a.-t
297	single	1	6	t-H
297	single	1	7	H-u
297	single	1	8	u-_
298	single	1	1	_-u
298	single	1	2	u-l
298	single	1	3	l-t
298	single	1	4	t-a
298	single	1	5	a-b
298	single	1	6	b-g
298	single	1	7	g-a
298	single	1	8	a-_
299	single	1	1	_-a
299	single	1	2	a-?
299	single	1	3	?-q
299	single	1	4	q-a.
299	single	1	5	a.-X
299	single	1	6	X-l
299	single	1	7	l-a
299	single	1	8	a-_
300	single	1	1	_-u
300	single	1	2	u-p
300	single	1	3	p-b
300	single	1	4	b-i
300	single	1	5	i-s
300	single	1	6	s-S
300	single	1	7	S-a
300	single	1	8	a-_
301	single	1	1	_-a
301	single	1	2	a-q
301	single	1	3	q-?
301	single	1	4	?-e.
301	single	1	5	e.-q
301	single	1	6	q-j
301	single	1	7	j-e
301	single	1	8	e-_
302	single	1	1	_-i
302	single	1	2	i-n
302	single	1	3	n-t.
302	single	1	4	t.-a.
302	single	1	5	a.-l
302	single	1	6	l-s
302	single	1	7	s-u
302	single	1	8	u-_
303	single	1	1	_-e
303	single	1	2	e-g
303	single	1	3	g-X
303	single	1	4	X-i
303	single	1	5	i-d
303	single	1	6	d-n
303	single	1	7	n-u
303	single	1	8	u-_
304	single	1	1	_-e
304	single	1	2	e-s.
304	single	1	3	s.-w
304	single	1	4	w-i.
304	single	1	5	i.-t.
304	single	1	6	t.-s.
304	single	1	7	s.-e.
304	single	1	8	e.-_
305	single	1	1	_-u
305	single	1	2	u-S
305	single	1	3	S-s.
305	single	1	4	s.-e.
305	single	1	5	e.-t
305	single	1	6	t-n
305	single	1	7	n-a
305	single	1	8	a-_
306	single	1	1	_-e
306	single	1	2	e-t.
306	single	1	3	t.-q
306	single	1	4	q-e.
306	single	1	5	e.-X
306	single	1	6	X-t
306	single	1	7	t-i
306	single	1	8	i-_
307	single	2	1	_-H
307	single	2	2	H-u.
307	single	2	3	u.-t.
307	single	2	4	t.-a.
307	single	2	5	a.-g
307	single	2	6	g-d
307	single	2	7	d-e
307	single	2	8	e-q
307	single	2	9	q-_
308	single	1	1	_-a
308	single	1	2	a-?
308	single	1	3	?-l
308	single	1	4	l-a
308	single	1	5	a-w
308	single	1	6	w-s
308	single	1	7	s-e
308	single	1	8	e-_
309	single	1	1	_-u
309	single	1	2	u-w
309	single	1	3	w-n
309	single	1	4	n-u
309	single	1	5	u-X
309	single	1	6	X-H
309	single	1	7	H-a
309	single	1	8	a-_
310	single	1	1	_-i
310	single	1	2	i-d
310	single	1	3	d-s
310	single	1	4	s-e.
310	single	1	5	e.-s.
310	single	1	6	s.-m
310	single	1	7	m-a
310	single	1	8	a-_
311	single	1	1	_-a
311	single	1	2	a-r
311	single	1	3	r-p
311	single	1	4	p-u.
311	single	1	5	u.-s.
311	single	1	6	s.-g
311	single	1	7	g-i
311	single	1	8	i-_
312	single	3	1	_-t.
312	single	3	2	t.-i.
312	single	3	3	i.-e.
312	single	3	4	e.-d
312	single	3	5	d-a
312	single	3	6	a-i
312	single	3	7	i-s.
312	single	3	8	s.-_
313	single	1	1	_-u
313	single	1	2	u-z
313	single	1	3	z-l
313	single	1	4	l-u
313	single	1	5	u-n
313	single	1	6	n-X
313	single	1	7	X-e
313	single	1	8	e-_
314	single	1	1	_-e
314	single	1	2	e-b
314	single	1	3	b-k
314	single	1	4	k-i
314	single	1	5	i-H
314	single	1	6	H-z
314	single	1	7	z-a
314	single	1	8	a-_
315	single	1	1	_-i
315	single	1	2	i-g
315	single	1	3	g-q
315	single	1	4	q-e.
315	single	1	5	e.-q
315	single	1	6	q-w
315	single	1	7	w-e
315	single	1	8	e-_
316	single	1	1	_-u
316	single	1	2	u-n
316	single	1	3	n-d
316	single	1	4	d-e
316	single	1	5	e-k
316	single	1	6	k-l
316	single	1	7	l-a
316	single	1	8	a-_
317	single	1	1	_-u
317	single	1	2	u-x
317	single	1	3	x-k
317	single	1	4	k-e
317	single	1	5	e-l
317	single	1	6	l-j
317	single	1	7	j-u
317	single	1	8	u-_
318	single	1	1	_-e
318	single	1	2	e-r
318	single	1	3	r-s
318	single	1	4	s-e
318	single	1	5	e-H
318	single	1	6	H-j
318	single	1	7	j-u
318	single	1	8	u-_
319	single	3	1	_-q
319	single	3	2	q-i.
319	single	3	3	i.-i.
319	single	3	4	i.-x
319	single	3	5	x-e
319	single	3	6	e-u
319	single	3	7	u-k
319	single	3	8	k-_
320	single	1	1	_-e
320	single	1	2	e-d
320	single	1	3	d-X
320	single	1	4	X-i.
320	single	1	5	i.-t.
320	single	1	6	t.-w
320	single	1	7	w-a
320	single	1	8	a-_
321	single	1	1	_-u
321	single	1	2	u-X
321	single	1	3	X-x
321	single	1	4	x-u.
321	single	1	5	u.-s.
321	single	1	6	s.-t
321	single	1	7	t-a
321	single	1	8	a-_
322	single	1	1	_-u
322	single	1	2	u-p
322	single	1	3	p-t.
322	single	1	4	t.-e.
322	single	1	5	e.-p
322	single	1	6	p-b
322	single	1	7	b-u
322	single	1	8	u-_
323	single	1	1	_-e
323	single	1	2	e-X
323	single	1	3	X-d
323	single	1	4	d-a
323	single	1	5	a-g
323	single	1	6	g-w
323	single	1	7	w-a
323	single	1	8	a-_
324	single	1	1	_-e
324	single	1	2	e-g
324	single	1	3	g-H
324	single	1	4	H-e
324	single	1	5	e-?
324	single	1	6	?-j
324	single	1	7	j-e
324	single	1	8	e-_
325	single	1	1	_-a
325	single	1	2	a-m
325	single	1	3	m-n
325	single	1	4	n-a
325	single	1	5	a-S
325	single	1	6	S-z
325	single	1	7	z-i
325	single	1	8	i-_
326	single	1	1	_-i
326	single	1	2	i-X
326	single	1	3	X-s
326	single	1	4	s-e
326	single	1	5	e-s
326	single	1	6	s-g
326	single	1	7	g-u
326	single	1	8	u-_
327	single	1	1	_-e
327	single	1	2	e-j
327	single	1	3	j-s
327	single	1	4	s-u.
327	single	1	5	u.-s.
327	single	1	6	s.-b
327	single	1	7	b-u
327	single	1	8	u-_
328	single	2	1	_-H
328	single	2	2	H-u.
328	single	2	3	u.-q
328	single	2	4	q-a.
328	single	2	5	a.-j
328	single	2	6	j-m
328	single	2	7	m-a
328	single	2	8	a-w
328	single	2	9	w-_
329	single	1	1	_-u
329	single	1	2	u-l
329	single	1	3	l-t
329	single	1	4	t-e
329	single	1	5	e-z
329	single	1	6	z-k
329	single	1	7	k-e
329	single	1	8	e-_
330	single	1	1	_-a
330	single	1	2	a-p
330	single	1	3	p-r
330	single	1	4	r-a
330	single	1	5	a-w
330	single	1	6	w-m
330	single	1	7	m-a
330	single	1	8	a-_
331	single	1	1	_-e
331	single	1	2	e-w
331	single	1	3	w-n
331	single	1	4	n-u.
331	single	1	5	u.-s.
331	single	1	6	s.-z
331	single	1	7	z-a
331	single	1	8	a-_
332	single	1	1	_-a
332	single	1	2	a-w
332	single	1	3	w-m
332	single	1	4	m-u
332	single	1	5	u-s
332	single	1	6	s-b
332	single	1	7	b-e
332	single	1	8	e-_
333	single	2	1	_-?
333	single	2	2	?-i.
333	single	2	3	i.-t.
333	single	2	4	t.-u.
333	single	2	5	u.-r
333	single	2	6	r-t
333	single	2	7	t-u
333	single	2	8	u-b
333	single	2	9	b-_
334	single	1	1	_-a
334	single	1	2	a-t.
334	single	1	3	t.-q
334	single	1	4	q-e.
334	single	1	5	e.-w
334	single	1	6	w-g
334	single	1	7	g-u
334	single	1	8	u-_
335	single	2	1	_-S
335	single	2	2	S-a.
335	single	2	3	a.-q
335	single	2	4	q-e.
335	single	2	5	e.-t
335	single	2	6	t-j
335	single	2	7	j-e
335	single	2	8	e-j
335	single	2	9	j-_
336	single	1	1	_-u
336	single	1	2	u-n
336	single	1	3	n-s.
336	single	1	4	s.-i.
336	single	1	5	i.-?
336	single	1	6	?-n
336	single	1	7	n-e
336	single	1	8	e-_
337	single	2	1	_-X
337	single	2	2	X-e.
337	single	2	3	e.-s.
337	single	2	4	s.-a.
337	single	2	5	a.-d
337	single	2	6	d-g
337	single	2	7	g-a
337	single	2	8	a-r
337	single	2	9	r-_
338	single	1	1	_-a
338	single	1	2	a-p
338	single	1	3	p-z
338	single	1	4	z-i.
338	single	1	5	i.-t.
338	single	1	6	t.-g
338	single	1	7	g-a
338	single	1	8	a-_
339	single	1	1	_-a
339	single	1	2	a-p
339	single	1	3	p-j
339	single	1	4	j-u
339	single	1	5	u-r
339	single	1	6	r-r
339	single	1	7	r-u
339	single	1	8	u-_
340	single	2	1	_-p
340	single	2	2	p-i.
340	single	2	3	i.-q
340	single	2	4	q-a.
340	single	2	5	a.-p
340	single	2	6	p-s.
340	single	2	7	s.-a.
340	single	2	8	a.-b
340	single	2	9	b-_
341	single	1	1	_-e
341	single	1	2	e-l
341	single	1	3	l-n
341	single	1	4	n-i.
341	single	1	5	i.-q
341	single	1	6	q-q
341	single	1	7	q-a.
341	single	1	8	a.-_
342	single	1	1	_-e
342	single	1	2	e-X
342	single	1	3	X-s
342	single	1	4	s-a
342	single	1	5	a-k
342	single	1	6	k-?
342	single	1	7	?-e
342	single	1	8	e-_
343	single	1	1	_-a
343	single	1	2	a-s.
343	single	1	3	s.-s.
343	single	1	4	s.-a.
343	single	1	5	a.-g
343	single	1	6	g-z
343	single	1	7	z-i
343	single	1	8	i-_
344	single	1	1	_-u
344	single	1	2	u-S
344	single	1	3	S-b
344	single	1	4	b-a
344	single	1	5	a-d
344	single	1	6	d-?
344	single	1	7	?-u
344	single	1	8	u-_
345	single	1	1	_-e
345	single	1	2	e-w
345	single	1	3	w-s.
345	single	1	4	s.-u.
345	single	1	5	u.-H
345	single	1	6	H-d
345	single	1	7	d-i
345	single	1	8	i-_
346	single	1	1	_-u
346	single	1	2	u-j
346	single	1	3	j-k
346	single	1	4	k-a
346	single	1	5	a-s
346	single	1	6	s-j
346	single	1	7	j-i
346	single	1	8	i-_
347	single	1	1	_-a
347	single	1	2	a-X
347	single	1	3	X-g
347	single	1	4	g-a.
347	single	1	5	a.-q
347	single	1	6	q-r
347	single	1	7	r-a
347	single	1	8	a-_
348	single	1	1	_-u
348	single	1	2	u-?
348	single	1	3	?-s.
348	single	1	4	s.-u.
348	single	1	5	u.-S
348	single	1	6	S-?
348	single	1	7	?-e
348	single	1	8	e-_
349	single	1	1	_-i
349	single	1	2	i-g
349	single	1	3	g-z
349	single	1	4	z-u
349	single	1	5	u-r
349	single	1	6	r-l
349	single	1	7	l-a
349	single	1	8	a-_
350	single	1	1	_-a
350	single	1	2	a-k
350	single	1	3	k-s.
350	single	1	4	s.-u.
350	single	1	5	u.-d
350	single	1	6	d-S
350	single	1	7	S-u
350	single	1	8	u-_
351	single	1	1	_-i
351	single	1	2	i-H
351	single	1	3	H-x
351	single	1	4	x-a
351	single	1	5	a-x
351	single	1	6	x-r
351	single	1	7	r-a
351	single	1	8	a-_
352	single	1	1	_-u
352	single	1	2	u-q
352	single	1	3	q-t.
352	single	1	4	t.-e.
352	single	1	5	e.-S
352	single	1	6	S-m
352	single	1	7	m-u
352	single	1	8	u-_
353	single	1	1	_-a
353	single	1	2	a-X
353	single	1	3	X-q
353	single	1	4	q-i.
353	single	1	5	i.-g
353	single	1	6	g-p
353	single	1	7	p-e
353	single	1	8	e-_
354	single	1	1	_-u
354	single	1	2	u-t.
354	single	1	3	t.-n
354	single	1	4	n-i
354	single	1	5	i-g
354	single	1	6	g-m
354	single	1	7	m-i
354	single	1	8	i-_
355	single	1	1	_-i
355	single	1	2	i-w
355	single	1	3	w-H
355	single	1	4	H-a
355	single	1	5	a-z
355	single	1	6	z-b
355	single	1	7	b-i
355	single	1	8	i-_
356	single	1	1	_-a
356	single	1	2	a-x
356	single	1	3	x-r
356	single	1	4	r-i
356	single	1	5	i-n
356	single	1	6	n-s
356	single	1	7	s-a
356	single	1	8	a-_
357	single	1	1	_-u
357	single	1	2	u-p
357	single	1	3	p-X
357	single	1	4	X-a
357	single	1	5	a-m
357	single	1	6	m-d
357	single	1	7	d-i
357	single	1	8	i-_
358	single	1	1	_-u
358	single	1	2	u-S
358	single	1	3	S-t.
358	single	1	4	t.-i.
358	single	1	5	i.-m
358	single	1	6	m-X
358	single	1	7	X-e
358	single	1	8	e-_
359	single	1	1	_-u
359	single	1	2	u-g
359	single	1	3	g-g
359	single	1	4	g-i
359	single	1	5	i-p
359	single	1	6	p-s
359	single	1	7	s-u
359	single	1	8	u-_
360	single	2	1	_-q
360	single	2	2	q-u.
360	single	2	3	u.-j
360	single	2	4	j-u.
360	single	2	5	u.-t.
360	single	2	6	t.-b
360	single	2	7	b-i
360	single	2	8	i-t
360	single	2	9	t-_
361	single	1	1	_-e
361	single	1	2	e-n
361	single	1	3	n-s.
361	single	1	4	s.-a.
361	single	1	5	a.-S
361	single	1	6	S-p
361	single	1	7	p-a
361	single	1	8	a-_
362	single	1	1	_-a
362	single	1	2	a-k
362	single	1	3	k-s
362	single	1	4	s-u
362	single	1	5	u-H
362	single	1	6	H-r
362	single	1	7	r-i
362	single	1	8	i-_
363	single	1	1	_-e
363	single	1	2	e-x
363	single	1	3	x-x
363	single	1	4	x-a
363	single	1	5	a-d
363	single	1	6	d-j
363	single	1	7	j-a
363	single	1	8	a-_
364	single	1	1	_-e
364	single	1	2	e-b
364	single	1	3	b-p
364	single	1	4	p-e
364	single	1	5	e-j
364	single	1	6	j-b
364	single	1	7	b-u
364	single	1	8	u-_
365	single	1	1	_-a
365	single	1	2	a-b
365	single	1	3	b-X
365	single	1	4	X-i.
365	single	1	5	i.-s.
365	single	1	6	s.-t.
365	single	1	7	t.-a.
365	single	1	8	a.-_
366	single	1	1	_-i
366	single	1	2	i-s.
366	single	1	3	s.-q
366	single	1	4	q-e.
366	single	1	5	e.-?
366	single	1	6	?-b
366	single	1	7	b-a
366	single	1	8	a-_
367	single	1	1	_-e
367	single	1	2	e-x
367	single	1	3	x-d
367	single	1	4	d-e
367	single	1	5	e-H
367	single	1	6	H-S
367	single	1	7	S-a
367	single	1	8	a-_
368	single	1	1	_-u
368	single	1	2	u-t
368	single	1	3	t-m
368	single	1	4	m-i.
368	single	1	5	i.-t.
368	single	1	6	t.-X
368	single	1	7	X-a
368	single	1	8	a-_
369	single	1	1	_-u
369	single	1	2	u-?
369	single	1	3	?-z
369	single	1	4	z-e
369	single	1	5	e-p
369	single	1	6	p-k
369	single	1	7	k-e
369	single	1	8	e-_
370	single	2	1	_-t
370	single	2	2	t-e
370	single	2	3	e-q
370	single	2	4	q-i.
370	single	2	5	i.-w
370	single	2	6	w-t.
370	single	2	7	t.-u.
370	single	2	8	u.-g
370	single	2	9	g-_
371	single	1	1	_-a
371	single	1	2	a-r
371	single	1	3	r-q
371	single	1	4	q-u.
371	single	1	5	u.-p
371	single	1	6	p-d
371	single	1	7	d-u
371	single	1	8	u-_
372	single	1	1	_-i
372	single	1	2	i-r
372	single	1	3	r-S
372	single	1	4	S-a
372	single	1	5	a-d
372	single	1	6	d-j
372	single	1	7	j-u
372	single	1	8	u-_
373	single	1	1	_-i
373	single	1	2	i-H
373	single	1	3	H-n
373	single	1	4	n-a.
373	single	1	5	a.-s.
373	single	1	6	s.-H
373	single	1	7	H-a
373	single	1	8	a-_
374	single	1	1	_-i
374	single	1	2	i-d
374	single	1	3	d-S
374	single	1	4	S-e.
374	single	1	5	e.-s.
374	single	1	6	s.-k
374	single	1	7	k-a
374	single	1	8	a-_
375	single	1	1	_-e
375	single	1	2	e-m
375	single	1	3	m-l
375	single	1	4	l-a
375	single	1	5	a-b
375	single	1	6	b-d
375	single	1	7	d-u
375	single	1	8	u-_
376	single	1	1	_-a
376	single	1	2	a-l
376	single	1	3	l-m
376	single	1	4	m-i
376	single	1	5	i-X
376	single	1	6	X-k
376	single	1	7	k-e
376	single	1	8	e-_
377	single	1	1	_-e
377	single	1	2	e-d
377	single	1	3	d-z
377	single	1	4	z-a
377	single	1	5	a-g
377	single	1	6	g-H
377	single	1	7	H-i
377	single	1	8	i-_
378	single	1	1	_-e
378	single	1	2	e-z
378	single	1	3	z-S
378	single	1	4	S-e
378	single	1	5	e-l
378	single	1	6	l-w
378	single	1	7	w-e
378	single	1	8	e-_
379	single	1	1	_-u
379	single	1	2	u-d
379	single	1	3	d-t
379	single	1	4	t-u
379	single	1	5	u-j
379	single	1	6	j-j
379	single	1	7	j-e
379	single	1	8	e-_
380	single	1	1	_-u
380	single	1	2	u-w
380	single	1	3	w-r
380	single	1	4	r-e
380	single	1	5	e-z
380	single	1	6	z-H
380	single	1	7	H-e
380	single	1	8	e-_
381	single	1	1	_-a
381	single	1	2	a-s
381	single	1	3	s-x
381	single	1	4	x-e.
381	single	1	5	e.-q
381	single	1	6	q-X
381	single	1	7	X-a
381	single	1	8	a-_
382	single	1	1	_-e
382	single	1	2	e-X
382	single	1	3	X-S
382	single	1	4	S-i
382	single	1	5	i-g
382	single	1	6	g-S
382	single	1	7	S-e
382	single	1	8	e-_
383	single	1	1	_-a
383	single	1	2	a-S
383	single	1	3	S-g
383	single	1	4	g-u
383	single	1	5	u-x
383	single	1	6	x-w
383	single	1	7	w-e
383	single	1	8	e-_
384	single	1	1	_-u
384	single	1	2	u-?
384	single	1	3	?-p
384	single	1	4	p-a
384	single	1	5	a-k
384	single	1	6	k-b
384	single	1	7	b-e
384	single	1	8	e-_
385	single	1	1	_-a
385	single	1	2	a-S
385	single	1	3	S-s.
385	single	1	4	s.-e.
385	single	1	5	e.-d
385	single	1	6	d-w
385	single	1	7	w-i
385	single	1	8	i-_
386	single	1	1	_-e
386	single	1	2	e-k
386	single	1	3	k-s
386	single	1	4	s-u
386	single	1	5	u-t
386	single	1	6	t-r
386	single	1	7	r-u
386	single	1	8	u-_
387	single	1	1	_-u
387	single	1	2	u-X
387	single	1	3	X-?
387	single	1	4	?-e.
387	single	1	5	e.-s.
387	single	1	6	s.-s
387	single	1	7	s-e
387	single	1	8	e-_
388	single	1	1	_-e
388	single	1	2	e-H
388	single	1	3	H-w
388	single	1	4	w-u
388	single	1	5	u-r
388	single	1	6	r-r
388	single	1	7	r-e
388	single	1	8	e-_
389	single	1	1	_-u
389	single	1	2	u-t.
389	single	1	3	t.-l
389	single	1	4	l-e
389	single	1	5	e-b
389	single	1	6	b-l
389	single	1	7	l-a
389	single	1	8	a-_
390	single	1	1	_-i
390	single	1	2	i-l
390	single	1	3	l-w
390	single	1	4	w-u
390	single	1	5	u-t
390	single	1	6	t-t
390	single	1	7	t-e
390	single	1	8	e-_
391	single	1	1	_-a
391	single	1	2	a-d
391	single	1	3	d-q
391	single	1	4	q-a.
391	single	1	5	a.-r
391	single	1	6	r-t.
391	single	1	7	t.-u.
391	single	1	8	u.-_
392	single	1	1	_-e
392	single	1	2	e-H
392	single	1	3	H-q
392	single	1	4	q-u.
392	single	1	5	u.-H
392	single	1	6	H-g
392	single	1	7	g-u
392	single	1	8	u-_
393	single	1	1	_-e
393	single	1	2	e-q
393	single	1	3	q-b
393	single	1	4	b-i
393	single	1	5	i-X
393	single	1	6	X-j
393	single	1	7	j-a
393	single	1	8	a-_
394	single	1	1	_-u
394	single	1	2	u-t.
394	single	1	3	t.-t
394	single	1	4	t-a
394	single	1	5	a-H
394	single	1	6	H-?
394	single	1	7	?-e
394	single	1	8	e-_
395	single	2	1	_-p
395	single	2	2	p-a.
395	single	2	3	a.-t.
395	single	2	4	t.-i.
395	single	2	5	i.-m
395	single	2	6	m-l
395	single	2	7	l-e.
395	single	2	8	e.-s.
395	single	2	9	s.-_
396	single	1	1	_-a
396	single	1	2	a-s
396	single	1	3	s-d
396	single	1	4	d-a
396	single	1	5	a-H
396	single	1	6	H-w
396	single	1	7	w-u
396	single	1	8	u-_
397	single	1	1	_-e
397	single	1	2	e-q
397	single	1	3	q-n
397	single	1	4	n-e
397	single	1	5	e-l
397	single	1	6	l-d
397	single	1	7	d-u
397	single	1	8	u-_
398	single	1	1	_-u
398	single	1	2	u-x
398	single	1	3	x-H
398	single	1	4	H-u
398	single	1	5	u-x
398	single	1	6	x-j
398	single	1	7	j-u
398	single	1	8	u-_
399	single	1	1	_-u
399	single	1	2	u-g
399	single	1	3	g-q
399	single	1	4	q-u.
399	single	1	5	u.-j
399	single	1	6	j-b
399	single	1	7	b-i
399	single	1	8	i-_
400	single	1	1	_-e
400	single	1	2	e-b
400	single	1	3	b-b
400	single	1	4	b-i
400	single	1	5	i-z
400	single	1	6	z-w
400	single	1	7	w-u
400	single	1	8	u-_
401	single	1	1	_-i
401	single	1	2	i-m
401	single	1	3	m-n
401	single	1	4	n-i
401	single	1	5	i-d
401	single	1	6	d-?
401	single	1	7	?-i
401	single	1	8	i-_
402	single	1	1	_-i
402	single	1	2	i-s
402	single	1	3	s-t
402	single	1	4	t-a
402	single	1	5	a-g
402	single	1	6	g-g
402	single	1	7	g-a
402	single	1	8	a-_
403	single	2	1	_-q
403	single	2	2	q-u.
403	single	2	3	u.-X
403	single	2	4	X-u
403	single	2	5	u-S
403	single	2	6	S-d
403	single	2	7	d-u
403	single	2	8	u-g
403	single	2	9	g-_
404	single	1	1	_-u
404	single	1	2	u-?
404	single	1	3	?-k
404	single	1	4	k-a
404	single	1	5	a-t
404	single	1	6	t-?
404	single	1	7	?-e
404	single	1	8	e-_
405	single	1	1	_-i
405	single	1	2	i-X
405	single	1	3	X-p
405	single	1	4	p-a.
405	single	1	5	a.-q
405	single	1	6	q-S
405	single	1	7	S-a
405	single	1	8	a-_
406	single	1	1	_-u
406	single	1	2	u-x
406	single	1	3	x-p
406	single	1	4	p-i
406	single	1	5	i-j
406	single	1	6	j-X
406	single	1	7	X-u
406	single	1	8	u-_
407	single	1	1	_-u
407	single	1	2	u-X
407	single	1	3	X-p
407	single	1	4	p-i
407	single	1	5	i-n
407	single	1	6	n-j
407	single	1	7	j-u
407	single	1	8	u-_
408	single	1	1	_-a
408	single	1	2	a-l
408	single	1	3	l-t.
408	single	1	4	t.-a.
408	single	1	5	a.-k
408	single	1	6	k-t
408	single	1	7	t-u
408	single	1	8	u-_
409	single	1	1	_-u
409	single	1	2	u-x
409	single	1	3	x-t
409	single	1	4	t-i
409	single	1	5	i-p
409	single	1	6	p-r
409	single	1	7	r-e
409	single	1	8	e-_
410	single	1	1	_-i
410	single	1	2	i-z
410	single	1	3	z-n
410	single	1	4	n-i
410	single	1	5	i-g
410	single	1	6	g-n
410	single	1	7	n-i
410	single	1	8	i-_
411	single	1	1	_-a
411	single	1	2	a-t
411	single	1	3	t-H
411	single	1	4	H-i.
411	single	1	5	i.-t.
411	single	1	6	t.-d
411	single	1	7	d-e
411	single	1	8	e-_
412	single	1	1	_-a
412	single	1	2	a-k
412	single	1	3	k-S
412	single	1	4	S-i
412	single	1	5	i-l
412	single	1	6	l-z
412	single	1	7	z-a
412	single	1	8	a-_
413	single	1	1	_-i
413	single	1	2	i-j
413	single	1	3	j-n
413	single	1	4	n-u
413	single	1	5	u-z
413	single	1	6	z-j
413	single	1	7	j-i
413	single	1	8	i-_
414	single	1	1	_-a
414	single	1	2	a-t
414	single	1	3	t-x
414	single	1	4	x-i
414	single	1	5	i-s
414	single	1	6	s-w
414	single	1	7	w-i
414	single	1	8	i-_
415	single	1	1	_-a
415	single	1	2	a-s
415	single	1	3	s-H
415	single	1	4	H-a
415	single	1	5	a-z
415	single	1	6	z-g
415	single	1	7	g-a
415	single	1	8	a-_
416	single	1	1	_-u
416	single	1	2	u-p
416	single	1	3	p-t
416	single	1	4	t-i
416	single	1	5	i-k
416	single	1	6	k-b
416	single	1	7	b-e
416	single	1	8	e-_
417	single	1	1	_-i
417	single	1	2	i-s
417	single	1	3	s-q
417	single	1	4	q-u.
417	single	1	5	u.-j
417	single	1	6	j-S
417	single	1	7	S-i
417	single	1	8	i-_
418	single	1	1	_-a
418	single	1	2	a-t
418	single	1	3	t-z
418	single	1	4	z-a
418	single	1	5	a-X
418	single	1	6	X-q
418	single	1	7	q-a.
418	single	1	8	a.-_
419	single	1	1	_-a
419	single	1	2	a-p
419	single	1	3	p-q
419	single	1	4	q-u.
419	single	1	5	u.-g
419	single	1	6	g-S
419	single	1	7	S-i
419	single	1	8	i-_
420	single	1	1	_-i
420	single	1	2	i-S
420	single	1	3	S-j
420	single	1	4	j-a
420	single	1	5	a-X
420	single	1	6	X-w
420	single	1	7	w-a
420	single	1	8	a-_
421	single	2	1	_-s.
421	single	2	2	s.-i.
421	single	2	3	i.-H
421	single	2	4	H-i
421	single	2	5	i-?
421	single	2	6	?-g
421	single	2	7	g-u.
421	single	2	8	u.-s.
421	single	2	9	s.-_
422	single	1	1	_-a
422	single	1	2	a-x
422	single	1	3	x-b
422	single	1	4	b-e.
422	single	1	5	e.-t.
422	single	1	6	t.-k
422	single	1	7	k-i
422	single	1	8	i-_
423	single	1	1	_-a
423	single	1	2	a-S
423	single	1	3	S-t
423	single	1	4	t-e
423	single	1	5	e-?
423	single	1	6	?-?
423	single	1	7	?-u
423	single	1	8	u-_
424	single	1	1	_-a
424	single	1	2	a-t
424	single	1	3	t-t
424	single	1	4	t-e
424	single	1	5	e-l
424	single	1	6	l-X
424	single	1	7	X-u
424	single	1	8	u-_
425	single	1	1	_-i
425	single	1	2	i-g
425	single	1	3	g-?
425	single	1	4	?-a
425	single	1	5	a-s
425	single	1	6	s-?
425	single	1	7	?-a
425	single	1	8	a-_
426	single	1	1	_-e
426	single	1	2	e-q
426	single	1	3	q-j
426	single	1	4	j-u
426	single	1	5	u-l
426	single	1	6	l-S
426	single	1	7	S-u
426	single	1	8	u-_
427	single	1	1	_-u
427	single	1	2	u-z
427	single	1	3	z-X
427	single	1	4	X-e.
427	single	1	5	e.-q
427	single	1	6	q-H
427	single	1	7	H-e
427	single	1	8	e-_
428	single	1	1	_-e
428	single	1	2	e-x
428	single	1	3	x-q
428	single	1	4	q-u.
428	single	1	5	u.-b
428	single	1	6	b-S
428	single	1	7	S-i
428	single	1	8	i-_
429	single	1	1	_-a
429	single	1	2	a-l
429	single	1	3	l-x
429	single	1	4	x-a
429	single	1	5	a-l
429	single	1	6	l-g
429	single	1	7	g-e
429	single	1	8	e-_
430	single	1	1	_-u
430	single	1	2	u-t
430	single	1	3	t-l
430	single	1	4	l-a
430	single	1	5	a-?
430	single	1	6	?-x
430	single	1	7	x-u
430	single	1	8	u-_
431	single	1	1	_-e
431	single	1	2	e-z
431	single	1	3	z-q
431	single	1	4	q-u.
431	single	1	5	u.-b
431	single	1	6	b-H
431	single	1	7	H-i
431	single	1	8	i-_
432	single	1	1	_-e
432	single	1	2	e-S
432	single	1	3	S-?
432	single	1	4	?-i.
432	single	1	5	i.-s.
432	single	1	6	s.-w
432	single	1	7	w-a
432	single	1	8	a-_
433	single	1	1	_-i
433	single	1	2	i-X
433	single	1	3	X-t
433	single	1	4	t-i
433	single	1	5	i-?
433	single	1	6	?-w
433	single	1	7	w-u
433	single	1	8	u-_
434	single	1	1	_-a
434	single	1	2	a-l
434	single	1	3	l-t
434	single	1	4	t-u
434	single	1	5	u-g
434	single	1	6	g-t
434	single	1	7	t-u
434	single	1	8	u-_
435	single	1	1	_-e
435	single	1	2	e-p
435	single	1	3	p-t.
435	single	1	4	t.-a.
435	single	1	5	a.-H
435	single	1	6	H-X
435	single	1	7	X-i
435	single	1	8	i-_
436	single	1	1	_-i
436	single	1	2	i-w
436	single	1	3	w-q
436	single	1	4	q-i.
436	single	1	5	i.-p
436	single	1	6	p-j
436	single	1	7	j-a
436	single	1	8	a-_
437	single	1	1	_-a
437	single	1	2	a-d
437	single	1	3	d-S
437	single	1	4	S-u.
437	single	1	5	u.-q
437	single	1	6	q-x
437	single	1	7	x-i
437	single	1	8	i-_
438	single	1	1	_-e
438	single	1	2	e-k
438	single	1	3	k-t.
438	single	1	4	t.-a.
438	single	1	5	a.-w
438	single	1	6	w-n
438	single	1	7	n-u
438	single	1	8	u-_
439	single	1	1	_-u
439	single	1	2	u-m
439	single	1	3	m-b
439	single	1	4	b-u.
439	single	1	5	u.-s.
439	single	1	6	s.-w
439	single	1	7	w-i
439	single	1	8	i-_
440	single	1	1	_-i
440	single	1	2	i-z
440	single	1	3	z-t.
440	single	1	4	t.-i.
440	single	1	5	i.-X
440	single	1	6	X-l
440	single	1	7	l-i
440	single	1	8	i-_
441	single	1	1	_-a
441	single	1	2	a-S
441	single	1	3	S-t.
441	single	1	4	t.-e.
441	single	1	5	e.-b
441	single	1	6	b-n
441	single	1	7	n-i
441	single	1	8	i-_
442	single	1	1	_-u
442	single	1	2	u-g
442	single	1	3	g-x
442	single	1	4	x-e.
442	single	1	5	e.-s.
442	single	1	6	s.-r
442	single	1	7	r-e
442	single	1	8	e-_
443	single	1	1	_-e
443	single	1	2	e-d
443	single	1	3	d-x
443	single	1	4	x-e
443	single	1	5	e-n
443	single	1	6	n-t
443	single	1	7	t-i
443	single	1	8	i-_
444	single	1	1	_-i
444	single	1	2	i-x
444	single	1	3	x-b
444	single	1	4	b-i
444	single	1	5	i-?
444	single	1	6	?-t
444	single	1	7	t-u
444	single	1	8	u-_
445	single	1	1	_-e
445	single	1	2	e-j
445	single	1	3	j-w
445	single	1	4	w-u
445	single	1	5	u-p
445	single	1	6	p-r
445	single	1	7	r-u
445	single	1	8	u-_
446	single	1	1	_-u
446	single	1	2	u-r
446	single	1	3	r-S
446	single	1	4	S-e
446	single	1	5	e-p
446	single	1	6	p-p
446	single	1	7	p-e
446	single	1	8	e-_
447	single	1	1	_-a
447	single	1	2	a-H
447	single	1	3	H-t.
447	single	1	4	t.-a.
447	single	1	5	a.-s
447	single	1	6	s-g
447	single	1	7	g-i
447	single	1	8	i-_
448	single	1	1	_-u
448	single	1	2	u-m
448	single	1	3	m-j
448	single	1	4	j-i
448	single	1	5	i-m
448	single	1	6	m-p
448	single	1	7	p-u
448	single	1	8	u-_
449	single	1	1	_-u
449	single	1	2	u-x
449	single	1	3	x-n
449	single	1	4	n-u
449	single	1	5	u-b
449	single	1	6	b-g
449	single	1	7	g-u
449	single	1	8	u-_
450	single	1	1	_-a
450	single	1	2	a-H
450	single	1	3	H-g
450	single	1	4	g-a
450	single	1	5	a-p
450	single	1	6	p-m
450	single	1	7	m-e
450	single	1	8	e-_
451	single	1	1	_-u
451	single	1	2	u-H
451	single	1	3	H-j
451	single	1	4	j-u
451	single	1	5	u-w
451	single	1	6	w-b
451	single	1	7	b-u
451	single	1	8	u-_
452	single	3	1	_-r
452	single	3	2	r-u
452	single	3	3	u-i
452	single	3	4	i-k
452	single	3	5	k-a
452	single	3	6	a-i
452	single	3	7	i-p
452	single	3	8	p-_
453	single	1	1	_-e
453	single	1	2	e-b
453	single	1	3	b-p
453	single	1	4	p-i
453	single	1	5	i-X
453	single	1	6	X-z
453	single	1	7	z-i
453	single	1	8	i-_
454	single	1	1	_-u
454	single	1	2	u-d
454	single	1	3	d-t.
454	single	1	4	t.-e.
454	single	1	5	e.-?
454	single	1	6	?-m
454	single	1	7	m-i
454	single	1	8	i-_
455	single	1	1	_-e
455	single	1	2	e-s
455	single	1	3	s-l
455	single	1	4	l-e.
455	single	1	5	e.-q
455	single	1	6	q-r
455	single	1	7	r-e
455	single	1	8	e-_
456	single	1	1	_-e
456	single	1	2	e-H
456	single	1	3	H-x
456	single	1	4	x-a
456	single	1	5	a-n
456	single	1	6	n-x
456	single	1	7	x-u
456	single	1	8	u-_
457	single	3	1	_-l
457	single	3	2	l-i
457	single	3	3	i-e
457	single	3	4	e-b
457	single	3	5	b-i
457	single	3	6	i-e
457	single	3	7	e-H
457	single	3	8	H-_
458	single	1	1	_-a
458	single	1	2	a-z
458	single	1	3	z-z
458	single	1	4	z-i.
458	single	1	5	i.-q
458	single	1	6	q-S
458	single	1	7	S-i
458	single	1	8	i-_
459	single	1	1	_-u
459	single	1	2	u-m
459	single	1	3	m-X
459	single	1	4	X-u
459	single	1	5	u-S
459	single	1	6	S-p
459	single	1	7	p-i
459	single	1	8	i-_
460	single	1	1	_-i
460	single	1	2	i-H
460	single	1	3	H-m
460	single	1	4	m-a
460	single	1	5	a-X
460	single	1	6	X-m
460	single	1	7	m-a
460	single	1	8	a-_
461	single	1	1	_-a
461	single	1	2	a-n
461	single	1	3	n-S
461	single	1	4	S-a
461	single	1	5	a-l
461	single	1	6	l-b
461	single	1	7	b-a
461	single	1	8	a-_
462	single	3	1	_-w
462	single	3	2	w-a
462	single	3	3	a-e
462	single	3	4	e-m
462	single	3	5	m-i
462	single	3	6	i-i
462	single	3	7	i-X
462	single	3	8	X-_
463	single	1	1	_-u
463	single	1	2	u-b
463	single	1	3	b-j
463	single	1	4	j-a
463	single	1	5	a-z
463	single	1	6	z-?
463	single	1	7	?-i
463	single	1	8	i-_
464	single	1	1	_-u
464	single	1	2	u-m
464	single	1	3	m-x
464	single	1	4	x-u.
464	single	1	5	u.-s.
464	single	1	6	s.-l
464	single	1	7	l-i
464	single	1	8	i-_
465	single	1	1	_-u
465	single	1	2	u-d
465	single	1	3	d-p
465	single	1	4	p-a
465	single	1	5	a-g
465	single	1	6	g-w
465	single	1	7	w-u
465	single	1	8	u-_
466	single	1	1	_-a
466	single	1	2	a-k
466	single	1	3	k-H
466	single	1	4	H-e.
466	single	1	5	e.-s.
466	single	1	6	s.-n
466	single	1	7	n-i
466	single	1	8	i-_
467	single	1	1	_-a
467	single	1	2	a-k
467	single	1	3	k-n
467	single	1	4	n-a
467	single	1	5	a-g
467	single	1	6	g-n
467	single	1	7	n-a
467	single	1	8	a-_
468	single	1	1	_-e
468	single	1	2	e-x
468	single	1	3	x-l
468	single	1	4	l-u
468	single	1	5	u-l
468	single	1	6	l-H
468	single	1	7	H-u
468	single	1	8	u-_
469	single	1	1	_-u
469	single	1	2	u-s
469	single	1	3	s-j
469	single	1	4	j-u
469	single	1	5	u-k
469	single	1	6	k-X
469	single	1	7	X-i
469	single	1	8	i-_
470	single	1	1	_-e
470	single	1	2	e-X
470	single	1	3	X-j
470	single	1	4	j-e.
470	single	1	5	e.-s.
470	single	1	6	s.-?
470	single	1	7	?-a
470	single	1	8	a-_
471	single	1	1	_-a
471	single	1	2	a-x
471	single	1	3	x-S
471	single	1	4	S-u
471	single	1	5	u-H
471	single	1	6	H-d
471	single	1	7	d-i
471	single	1	8	i-_
472	single	1	1	_-e
472	single	1	2	e-p
472	single	1	3	p-n
472	single	1	4	n-e.
472	single	1	5	e.-q
472	single	1	6	q-l
472	single	1	7	l-i
472	single	1	8	i-_
473	single	1	1	_-u
473	single	1	2	u-d
473	single	1	3	d-d
473	single	1	4	d-u
473	single	1	5	u-S
473	single	1	6	S-g
473	single	1	7	g-i
473	single	1	8	i-_
474	single	1	1	_-u
474	single	1	2	u-w
474	single	1	3	w-d
474	single	1	4	d-i
474	single	1	5	i-l
474	single	1	6	l-p
474	single	1	7	p-e
474	single	1	8	e-_
475	single	1	1	_-u
475	single	1	2	u-m
475	single	1	3	m-z
475	single	1	4	z-u
475	single	1	5	u-t
475	single	1	6	t-x
475	single	1	7	x-e
475	single	1	8	e-_
476	single	1	1	_-u
476	single	1	2	u-b
476	single	1	3	b-x
476	single	1	4	x-i
476	single	1	5	i-H
476	single	1	6	H-l
476	single	1	7	l-a
476	single	1	8	a-_
477	single	1	1	_-e
477	single	1	2	e-m
477	single	1	3	m-s.
477	single	1	4	s.-u.
477	single	1	5	u.-z
477	single	1	6	z-b
477	single	1	7	b-a
477	single	1	8	a-_
478	single	1	1	_-u
478	single	1	2	u-X
478	single	1	3	X-n
478	single	1	4	n-e
478	single	1	5	e-d
478	single	1	6	d-l
478	single	1	7	l-a
478	single	1	8	a-_
479	single	1	1	_-u
479	single	1	2	u-g
479	single	1	3	g-X
479	single	1	4	X-i
479	single	1	5	i-d
479	single	1	6	d-s.
479	single	1	7	s.-u.
479	single	1	8	u.-_
480	single	1	1	_-i
480	single	1	2	i-s
480	single	1	3	s-d
480	single	1	4	d-u
480	single	1	5	u-b
480	single	1	6	b-r
480	single	1	7	r-a
480	single	1	8	a-_
481	single	1	1	_-a
481	single	1	2	a-z
481	single	1	3	z-p
481	single	1	4	p-i
481	single	1	5	i-H
481	single	1	6	H-s.
481	single	1	7	s.-e.
481	single	1	8	e.-_
482	single	1	1	_-u
482	single	1	2	u-j
482	single	1	3	j-X
482	single	1	4	X-i
482	single	1	5	i-j
482	single	1	6	j-?
482	single	1	7	?-e
482	single	1	8	e-_
483	single	1	1	_-a
483	single	1	2	a-q
483	single	1	3	q-X
483	single	1	4	X-u
483	single	1	5	u-p
483	single	1	6	p-l
483	single	1	7	l-e
483	single	1	8	e-_
484	single	1	1	_-u
484	single	1	2	u-X
484	single	1	3	X-X
484	single	1	4	X-i
484	single	1	5	i-X
484	single	1	6	X-d
484	single	1	7	d-u
484	single	1	8	u-_
485	single	1	1	_-e
485	single	1	2	e-j
485	single	1	3	j-d
485	single	1	4	d-i
485	single	1	5	i-d
485	single	1	6	d-z
485	single	1	7	z-e
485	single	1	8	e-_
486	single	2	1	_-j
486	single	2	2	j-a.
486	single	2	3	a.-s.
486	single	2	4	s.-u.
486	single	2	5	u.-w
486	single	2	6	w-H
486	single	2	7	H-e
486	single	2	8	e-b
486	single	2	9	b-_
487	single	1	1	_-u
487	single	1	2	u-?
487	single	1	3	?-s
487	single	1	4	s-a
487	single	1	5	a-t
487	single	1	6	t-k
487	single	1	7	k-i
487	single	1	8	i-_
488	single	1	1	_-e
488	single	1	2	e-r
488	single	1	3	r-m
488	single	1	4	m-u
488	single	1	5	u-m
488	single	1	6	m-H
488	single	1	7	H-i
488	single	1	8	i-_
489	single	1	1	_-a
489	single	1	2	a-n
489	single	1	3	n-z
489	single	1	4	z-e.
489	single	1	5	e.-s.
489	single	1	6	s.-d
489	single	1	7	d-a
489	single	1	8	a-_
490	single	1	1	_-i
490	single	1	2	i-t
490	single	1	3	t-g
490	single	1	4	g-u
490	single	1	5	u-?
490	single	1	6	?-s
490	single	1	7	s-i
490	single	1	8	i-_
491	single	1	1	_-u
491	single	1	2	u-d
491	single	1	3	d-g
491	single	1	4	g-a
491	single	1	5	a-k
491	single	1	6	k-x
491	single	1	7	x-a
491	single	1	8	a-_
492	single	1	1	_-a
492	single	1	2	a-X
492	single	1	3	X-g
492	single	1	4	g-e
492	single	1	5	e-d
492	single	1	6	d-n
492	single	1	7	n-e
492	single	1	8	e-_
493	single	1	1	_-a
493	single	1	2	a-x
493	single	1	3	x-?
493	single	1	4	?-u
493	single	1	5	u-k
493	single	1	6	k-w
493	single	1	7	w-a
493	single	1	8	a-_
494	single	1	1	_-e
494	single	1	2	e-t
494	single	1	3	t-s
494	single	1	4	s-a
494	single	1	5	a-z
494	single	1	6	z-s
494	single	1	7	s-i
494	single	1	8	i-_
495	single	1	1	_-a
495	single	1	2	a-w
495	single	1	3	w-t.
495	single	1	4	t.-u.
495	single	1	5	u.-k
495	single	1	6	k-n
495	single	1	7	n-u
495	single	1	8	u-_
496	single	1	1	_-e
496	single	1	2	e-p
496	single	1	3	p-z
496	single	1	4	z-a
496	single	1	5	a-l
496	single	1	6	l-x
496	single	1	7	x-e
496	single	1	8	e-_
497	single	1	1	_-e
497	single	1	2	e-x
497	single	1	3	x-H
497	single	1	4	H-i
497	single	1	5	i-S
497	single	1	6	S-z
497	single	1	7	z-u
497	single	1	8	u-_
498	single	1	1	_-i
498	single	1	2	i-S
498	single	1	3	S-t
498	single	1	4	t-i
498	single	1	5	i-z
498	single	1	6	z-S
498	single	1	7	S-a
498	single	1	8	a-_
499	single	1	1	_-i
499	single	1	2	i-r
499	single	1	3	r-d
499	single	1	4	d-e
499	single	1	5	e-X
499	single	1	6	X-r
499	single	1	7	r-e
499	single	1	8	e-_
500	single	1	1	_-i
500	single	1	2	i-g
500	single	1	3	g-j
500	single	1	4	j-u
500	single	1	5	u-k
500	single	1	6	k-S
500	single	1	7	S-i
500	single	1	8	i-_
501	single	1	1	_-u
501	single	1	2	u-l
501	single	1	3	l-t.
501	single	1	4	t.-i.
501	single	1	5	i.-b
501	single	1	6	b-w
501	single	1	7	w-u
501	single	1	8	u-_
502	single	1	1	_-a
502	single	1	2	a-n
502	single	1	3	n-s
502	single	1	4	s-a
502	single	1	5	a-S
502	single	1	6	S-s
502	single	1	7	s-e
502	single	1	8	e-_
503	single	1	1	_-u
503	single	1	2	u-t
503	single	1	3	t-l
503	single	1	4	l-i
503	single	1	5	i-s
503	single	1	6	s-S
503	single	1	7	S-i
503	single	1	8	i-_
504	single	1	1	_-a
504	single	1	2	a-g
504	single	1	3	g-l
504	single	1	4	l-u
504	single	1	5	u-p
504	single	1	6	p-X
504	single	1	7	X-e
504	single	1	8	e-_
505	single	1	1	_-a
505	single	1	2	a-S
505	single	1	3	S-k
505	single	1	4	k-e
505	single	1	5	e-H
505	single	1	6	H-n
505	single	1	7	n-i
505	single	1	8	i-_
506	single	1	1	_-i
506	single	1	2	i-X
506	single	1	3	X-x
506	single	1	4	x-i
506	single	1	5	i-z
506	single	1	6	z-r
506	single	1	7	r-i
506	single	1	8	i-_
507	single	1	1	_-a
507	single	1	2	a-n
507	single	1	3	n-?
507	single	1	4	?-u
507	single	1	5	u-k
507	single	1	6	k-m
507	single	1	7	m-i
507	single	1	8	i-_
508	single	3	1	_-j
508	single	3	2	j-a
508	single	3	3	a-a
508	single	3	4	a-s
508	single	3	5	s-a
508	single	3	6	a-a
508	single	3	7	a-g
508	single	3	8	g-_
509	single	1	1	_-u
509	single	1	2	u-m
509	single	1	3	m-t.
509	single	1	4	t.-u.
509	single	1	5	u.-n
509	single	1	6	n-m
509	single	1	7	m-i
509	single	1	8	i-_
510	single	1	1	_-u
510	single	1	2	u-b
510	single	1	3	b-b
510	single	1	4	b-a
510	single	1	5	a-l
510	single	1	6	l-z
510	single	1	7	z-a
510	single	1	8	a-_
511	single	1	1	_-a
511	single	1	2	a-s
511	single	1	3	s-n
511	single	1	4	n-i
511	single	1	5	i-w
511	single	1	6	w-g
511	single	1	7	g-a
511	single	1	8	a-_
512	single	1	1	_-i
512	single	1	2	i-p
512	single	1	3	p-g
512	single	1	4	g-u
512	single	1	5	u-x
512	single	1	6	x-s
512	single	1	7	s-a
512	single	1	8	a-_
513	single	1	1	_-i
513	single	1	2	i-n
513	single	1	3	n-t.
513	single	1	4	t.-e.
513	single	1	5	e.-H
513	single	1	6	H-s
513	single	1	7	s-i
513	single	1	8	i-_
514	single	1	1	_-a
514	single	1	2	a-w
514	single	1	3	w-d
514	single	1	4	d-a
514	single	1	5	a-g
514	single	1	6	g-t
514	single	1	7	t-i
514	single	1	8	i-_
515	single	1	1	_-e
515	single	1	2	e-?
515	single	1	3	?-z
515	single	1	4	z-u
515	single	1	5	u-m
515	single	1	6	m-g
515	single	1	7	g-a
515	single	1	8	a-_
516	single	1	1	_-u
516	single	1	2	u-t
516	single	1	3	t-p
516	single	1	4	p-u
516	single	1	5	u-s
516	single	1	6	s-n
516	single	1	7	n-i
516	single	1	8	i-_
517	single	1	1	_-u
517	single	1	2	u-b
517	single	1	3	b-?
517	single	1	4	?-a
517	single	1	5	a-p
517	single	1	6	p-m
517	single	1	7	m-i
517	single	1	8	i-_
518	single	1	1	_-u
518	single	1	2	u-n
518	single	1	3	n-q
518	single	1	4	q-e.
518	single	1	5	e.-k
518	single	1	6	k-j
518	single	1	7	j-u
518	single	1	8	u-_
519	single	1	1	_-e
519	single	1	2	e-?
519	single	1	3	?-X
519	single	1	4	X-e
519	single	1	5	e-g
519	single	1	6	g-s
519	single	1	7	s-u
519	single	1	8	u-_
520	single	1	1	_-a
520	single	1	2	a-S
520	single	1	3	S-X
520	single	1	4	X-i
520	single	1	5	i-g
520	single	1	6	g-?
520	single	1	7	?-a
520	single	1	8	a-_
521	single	1	1	_-a
521	single	1	2	a-z
521	single	1	3	z-n
521	single	1	4	n-i
521	single	1	5	i-p
521	single	1	6	p-q
521	single	1	7	q-e.
521	single	1	8	e.-_
522	single	1	1	_-e
522	single	1	2	e-n
522	single	1	3	n-r
522	single	1	4	r-a
522	single	1	5	a-H
522	single	1	6	H-r
522	single	1	7	r-u
522	single	1	8	u-_
523	single	1	1	_-u
523	single	1	2	u-p
523	single	1	3	p-x
523	single	1	4	x-i
523	single	1	5	i-?
523	single	1	6	?-r
523	single	1	7	r-i
523	single	1	8	i-_
524	single	1	1	_-e
524	single	1	2	e-r
524	single	1	3	r-x
524	single	1	4	x-i.
524	single	1	5	i.-t.
524	single	1	6	t.-H
524	single	1	7	H-u
524	single	1	8	u-_
525	single	1	1	_-e
525	single	1	2	e-q
525	single	1	3	q-k
525	single	1	4	k-e
525	single	1	5	e-n
525	single	1	6	n-t
525	single	1	7	t-a
525	single	1	8	a-_
526	single	1	1	_-u
526	single	1	2	u-g
526	single	1	3	g-x
526	single	1	4	x-u
526	single	1	5	u-S
526	single	1	6	S-l
526	single	1	7	l-e
526	single	1	8	e-_
527	single	1	1	_-a
527	single	1	2	a-z
527	single	1	3	z-t
527	single	1	4	t-a
527	single	1	5	a-d
527	single	1	6	d-r
527	single	1	7	r-a
527	single	1	8	a-_
528	single	1	1	_-i
528	single	1	2	i-x
528	single	1	3	x-p
528	single	1	4	p-e.
528	single	1	5	e.-s.
528	single	1	6	s.-p
528	single	1	7	p-u
528	single	1	8	u-_
529	single	2	1	_-q
529	single	2	2	q-u.
529	single	2	3	u.-m
529	single	2	4	m-e.
529	single	2	5	e.-q
529	single	2	6	q-w
529	single	2	7	w-i.
529	single	2	8	i.-s.
529	single	2	9	s.-_
530	single	1	1	_-i
530	single	1	2	i-x
530	single	1	3	x-n
530	single	1	4	n-u
530	single	1	5	u-z
530	single	1	6	z-m
530	single	1	7	m-u
530	single	1	8	u-_
531	single	1	1	_-i
531	single	1	2	i-H
531	single	1	3	H-t
531	single	1	4	t-u
531	single	1	5	u-m
531	single	1	6	m-S
531	single	1	7	S-i
531	single	1	8	i-_
532	single	1	1	_-u
532	single	1	2	u-x
532	single	1	3	x-t.
532	single	1	4	t.-e.
532	single	1	5	e.-n
532	single	1	6	n-w
532	single	1	7	w-u
532	single	1	8	u-_
533	single	1	1	_-e
533	single	1	2	e-d
533	single	1	3	d-j
533	single	1	4	j-e
533	single	1	5	e-p
533	single	1	6	p-l
533	single	1	7	l-e
533	single	1	8	e-_
534	single	1	1	_-u
534	single	1	2	u-n
534	single	1	3	n-l
534	single	1	4	l-e
534	single	1	5	e-t
534	single	1	6	t-m
534	single	1	7	m-e
534	single	1	8	e-_
535	single	1	1	_-i
535	single	1	2	i-t
535	single	1	3	t-p
535	single	1	4	p-e
535	single	1	5	e-H
535	single	1	6	H-m
535	single	1	7	m-e
535	single	1	8	e-_
536	single	1	1	_-u
536	single	1	2	u-x
536	single	1	3	x-s
536	single	1	4	s-u
536	single	1	5	u-n
536	single	1	6	n-d
536	single	1	7	d-u
536	single	1	8	u-_
537	single	1	1	_-u
537	single	1	2	u-s
537	single	1	3	s-z
537	single	1	4	z-e.
537	single	1	5	e.-q
537	single	1	6	q-?
537	single	1	7	?-u
537	single	1	8	u-_
538	single	1	1	_-u
538	single	1	2	u-w
538	single	1	3	w-S
538	single	1	4	S-a.
538	single	1	5	a.-s.
538	single	1	6	s.-X
538	single	1	7	X-u
538	single	1	8	u-_
539	single	1	1	_-u
539	single	1	2	u-X
539	single	1	3	X-b
539	single	1	4	b-i
539	single	1	5	i-H
539	single	1	6	H-S
539	single	1	7	S-e
539	single	1	8	e-_
540	single	1	1	_-e
540	single	1	2	e-s
540	single	1	3	s-r
540	single	1	4	r-u.
540	single	1	5	u.-q
540	single	1	6	q-d
540	single	1	7	d-a
540	single	1	8	a-_
541	single	1	1	_-e
541	single	1	2	e-z
541	single	1	3	z-l
541	single	1	4	l-u
541	single	1	5	u-z
541	single	1	6	z-s.
541	single	1	7	s.-e.
541	single	1	8	e.-_
542	single	1	1	_-u
542	single	1	2	u-r
542	single	1	3	r-H
542	single	1	4	H-i
542	single	1	5	i-p
542	single	1	6	p-H
542	single	1	7	H-e
542	single	1	8	e-_
543	single	1	1	_-a
543	single	1	2	a-d
543	single	1	3	d-k
543	single	1	4	k-a
543	single	1	5	a-l
543	single	1	6	l-j
543	single	1	7	j-a
543	single	1	8	a-_
544	single	1	1	_-u
544	single	1	2	u-j
544	single	1	3	j-r
544	single	1	4	r-u
544	single	1	5	u-s
544	single	1	6	s-m
544	single	1	7	m-e
544	single	1	8	e-_
545	single	1	1	_-u
545	single	1	2	u-x
545	single	1	3	x-k
545	single	1	4	k-i
545	single	1	5	i-d
545	single	1	6	d-m
545	single	1	7	m-e
545	single	1	8	e-_
546	single	1	1	_-i
546	single	1	2	i-r
546	single	1	3	r-g
546	single	1	4	g-a.
546	single	1	5	a.-s.
546	single	1	6	s.-j
546	single	1	7	j-i
546	single	1	8	i-_
547	single	1	1	_-i
547	single	1	2	i-S
547	single	1	3	S-x
547	single	1	4	x-a.
547	single	1	5	a.-t.
547	single	1	6	t.-l
547	single	1	7	l-e
547	single	1	8	e-_
548	single	1	1	_-e
548	single	1	2	e-s
548	single	1	3	s-k
548	single	1	4	k-a
548	single	1	5	a-s.
548	single	1	6	s.-b
548	single	1	7	b-u
548	single	1	8	u-_
549	single	1	1	_-u
549	single	1	2	u-r
549	single	1	3	r-z
549	single	1	4	z-e
549	single	1	5	e-k
549	single	1	6	k-z
549	single	1	7	z-i
549	single	1	8	i-_
550	single	1	1	_-u
550	single	1	2	u-S
550	single	1	3	S-d
550	single	1	4	d-e
550	single	1	5	e-w
550	single	1	6	w-r
550	single	1	7	r-a
550	single	1	8	a-_
551	single	1	1	_-a
551	single	1	2	a-?
551	single	1	3	?-b
551	single	1	4	b-i
551	single	1	5	i-t
551	single	1	6	t-r
551	single	1	7	r-u
551	single	1	8	u-_
552	single	1	1	_-u
552	single	1	2	u-S
552	single	1	3	S-S
552	single	1	4	S-a
552	single	1	5	a-n
552	single	1	6	n-b
552	single	1	7	b-e
552	single	1	8	e-_
553	single	1	1	_-a
553	single	1	2	a-H
553	single	1	3	H-?
553	single	1	4	?-u
553	single	1	5	u-r
553	single	1	6	r-x
553	single	1	7	x-a
553	single	1	8	a-_
554	single	1	1	_-i
554	single	1	2	i-z
554	single	1	3	z-p
554	single	1	4	p-a
554	single	1	5	a-?
554	single	1	6	?-S
554	single	1	7	S-i
554	single	1	8	i-_
555	single	1	1	_-e
555	single	1	2	e-t
555	single	1	3	t-S
555	single	1	4	S-i
555	single	1	5	i-X
555	single	1	6	X-H
555	single	1	7	H-a
555	single	1	8	a-_
556	single	1	1	_-u
556	single	1	2	u-t
556	single	1	3	t-w
556	single	1	4	w-e
556	single	1	5	e-x
556	single	1	6	x-s.
556	single	1	7	s.-u.
556	single	1	8	u.-_
557	single	1	1	_-e
557	single	1	2	e-j
557	single	1	3	j-m
557	single	1	4	m-i
557	single	1	5	i-z
557	single	1	6	z-t
557	single	1	7	t-e
557	single	1	8	e-_
558	single	1	1	_-e
558	single	1	2	e-w
558	single	1	3	w-b
558	single	1	4	b-u.
558	single	1	5	u.-t.
558	single	1	6	t.-z
558	single	1	7	z-e
558	single	1	8	e-_
559	single	1	1	_-i
559	single	1	2	i-S
559	single	1	3	S-b
559	single	1	4	b-e
559	single	1	5	e-k
559	single	1	6	k-p
559	single	1	7	p-u
559	single	1	8	u-_
560	single	1	1	_-u
560	single	1	2	u-r
560	single	1	3	r-p
560	single	1	4	p-i
560	single	1	5	i-j
560	single	1	6	j-n
560	single	1	7	n-e
560	single	1	8	e-_
561	single	1	1	_-e
561	single	1	2	e-w
561	single	1	3	w-x
561	single	1	4	x-u
561	single	1	5	u-r
561	single	1	6	r-g
561	single	1	7	g-a
561	single	1	8	a-_
562	single	1	1	_-a
562	single	1	2	a-?
562	single	1	3	?-k
562	single	1	4	k-e
562	single	1	5	e-X
562	single	1	6	X-w
562	single	1	7	w-u
562	single	1	8	u-_
563	single	1	1	_-e
563	single	1	2	e-t
563	single	1	3	t-z
563	single	1	4	z-u
563	single	1	5	u-s
563	single	1	6	s-q
563	single	1	7	q-a.
563	single	1	8	a.-_
564	single	3	1	_-w
564	single	3	2	w-a
564	single	3	3	a-e
564	single	3	4	e-g
564	single	3	5	g-i.
564	single	3	6	i.-i.
564	single	3	7	i.-s.
564	single	3	8	s.-_
565	single	1	1	_-e
565	single	1	2	e-r
565	single	1	3	r-z
565	single	1	4	z-i
565	single	1	5	i-r
565	single	1	6	r-t
565	single	1	7	t-i
565	single	1	8	i-_
566	single	1	1	_-e
566	single	1	2	e-x
566	single	1	3	x-j
566	single	1	4	j-u
566	single	1	5	u-?
566	single	1	6	?-p
566	single	1	7	p-a
566	single	1	8	a-_
567	single	1	1	_-u
567	single	1	2	u-w
567	single	1	3	w-t
567	single	1	4	t-u
567	single	1	5	u-S
567	single	1	6	S-j
567	single	1	7	j-i
567	single	1	8	i-_
568	single	1	1	_-a
568	single	1	2	a-X
568	single	1	3	X-S
568	single	1	4	S-i
568	single	1	5	i-d
568	single	1	6	d-w
568	single	1	7	w-u
568	single	1	8	u-_
569	single	1	1	_-i
569	single	1	2	i-H
569	single	1	3	H-t
569	single	1	4	t-e
569	single	1	5	e-n
569	single	1	6	n-b
569	single	1	7	b-e
569	single	1	8	e-_
570	single	1	1	_-e
570	single	1	2	e-s
570	single	1	3	s-p
570	single	1	4	p-e
570	single	1	5	e-r
570	single	1	6	r-m
570	single	1	7	m-a
570	single	1	8	a-_
571	single	1	1	_-u
571	single	1	2	u-S
571	single	1	3	S-H
571	single	1	4	H-u
571	single	1	5	u-w
571	single	1	6	w-l
571	single	1	7	l-e
571	single	1	8	e-_
572	single	1	1	_-a
572	single	1	2	a-d
572	single	1	3	d-X
572	single	1	4	X-u.
572	single	1	5	u.-q
572	single	1	6	q-s.
572	single	1	7	s.-e.
572	single	1	8	e.-_
573	single	1	1	_-a
573	single	1	2	a-t
573	single	1	3	t-q
573	single	1	4	q-a.
573	single	1	5	a.-q
573	single	1	6	q-d
573	single	1	7	d-a
573	single	1	8	a-_
574	single	1	1	_-i
574	single	1	2	i-H
574	single	1	3	H-b
574	single	1	4	b-a
574	single	1	5	a-p
574	single	1	6	p-z
574	single	1	7	z-a
574	single	1	8	a-_
575	single	1	1	_-i
575	single	1	2	i-b
575	single	1	3	b-l
575	single	1	4	l-u
575	single	1	5	u-m
575	single	1	6	m-j
575	single	1	7	j-i
575	single	1	8	i-_
576	single	1	1	_-i
576	single	1	2	i-j
576	single	1	3	j-t
576	single	1	4	t-u
576	single	1	5	u-t
576	single	1	6	t-s
576	single	1	7	s-a
576	single	1	8	a-_
577	single	1	1	_-e
577	single	1	2	e-s
577	single	1	3	s-t
577	single	1	4	t-e
577	single	1	5	e-t
577	single	1	6	t-k
577	single	1	7	k-i
577	single	1	8	i-_
578	single	1	1	_-i
578	single	1	2	i-d
578	single	1	3	d-d
578	single	1	4	d-e
578	single	1	5	e-j
578	single	1	6	j-l
578	single	1	7	l-i
578	single	1	8	i-_
579	single	1	1	_-i
579	single	1	2	i-j
579	single	1	3	j-t
579	single	1	4	t-e
579	single	1	5	e-j
579	single	1	6	j-H
579	single	1	7	H-a
579	single	1	8	a-_
580	single	1	1	_-e
580	single	1	2	e-r
580	single	1	3	r-k
580	single	1	4	k-e
580	single	1	5	e-H
580	single	1	6	H-k
580	single	1	7	k-i
580	single	1	8	i-_
581	single	1	1	_-i
581	single	1	2	i-?
581	single	1	3	?-j
581	single	1	4	j-e.
581	single	1	5	e.-t.
581	single	1	6	t.-x
581	single	1	7	x-u
581	single	1	8	u-_
582	single	1	1	_-i
582	single	1	2	i-j
582	single	1	3	j-?
582	single	1	4	?-u.
582	single	1	5	u.-t.
582	single	1	6	t.-X
582	single	1	7	X-e
582	single	1	8	e-_
583	single	1	1	_-a
583	single	1	2	a-m
583	single	1	3	m-t
583	single	1	4	t-e
583	single	1	5	e-b
583	single	1	6	b-S
583	single	1	7	S-a
583	single	1	8	a-_
584	single	1	1	_-u
584	single	1	2	u-k
584	single	1	3	k-q
584	single	1	4	q-u.
584	single	1	5	u.-s
584	single	1	6	s-b
584	single	1	7	b-a
584	single	1	8	a-_
585	single	1	1	_-a
585	single	1	2	a-X
585	single	1	3	X-t.
585	single	1	4	t.-i.
585	single	1	5	i.-j
585	single	1	6	j-t.
585	single	1	7	t.-i.
585	single	1	8	i.-_
586	single	2	1	_-t.
586	single	2	2	t.-i.
586	single	2	3	i.-l
586	single	2	4	l-u.
586	single	2	5	u.-t.
586	single	2	6	t.-z
586	single	2	7	z-a
586	single	2	8	a-k
586	single	2	9	k-_
587	single	1	1	_-i
587	single	1	2	i-m
587	single	1	3	m-s
587	single	1	4	s-e
587	single	1	5	e-w
587	single	1	6	w-q
587	single	1	7	q-u.
587	single	1	8	u.-_
588	single	1	1	_-e
588	single	1	2	e-m
588	single	1	3	m-d
588	single	1	4	d-u
588	single	1	5	u-b
588	single	1	6	b-H
588	single	1	7	H-e
588	single	1	8	e-_
589	single	1	1	_-u
589	single	1	2	u-?
589	single	1	3	?-n
589	single	1	4	n-e
589	single	1	5	e-j
589	single	1	6	j-S
589	single	1	7	S-e
589	single	1	8	e-_
590	single	1	1	_-a
590	single	1	2	a-n
590	single	1	3	n-X
590	single	1	4	X-e
590	single	1	5	e-H
590	single	1	6	H-X
590	single	1	7	X-u
590	single	1	8	u-_
591	single	1	1	_-i
591	single	1	2	i-z
591	single	1	3	z-s.
591	single	1	4	s.-u.
591	single	1	5	u.-X
591	single	1	6	X-t
591	single	1	7	t-u
591	single	1	8	u-_
592	single	1	1	_-u
592	single	1	2	u-t
592	single	1	3	t-d
592	single	1	4	d-a
592	single	1	5	a-s.
592	single	1	6	s.-d
592	single	1	7	d-a
592	single	1	8	a-_
593	single	3	1	_-k
593	single	3	2	k-e
593	single	3	3	e-a
593	single	3	4	a-w
593	single	3	5	w-a.
593	single	3	6	a.-a.
593	single	3	7	a.-s.
593	single	3	8	s.-_
594	single	1	1	_-u
594	single	1	2	u-k
594	single	1	3	k-g
594	single	1	4	g-a
594	single	1	5	a-X
594	single	1	6	X-r
594	single	1	7	r-u
594	single	1	8	u-_
595	single	1	1	_-u
595	single	1	2	u-g
595	single	1	3	g-m
595	single	1	4	m-i
595	single	1	5	i-w
595	single	1	6	w-H
595	single	1	7	H-i
595	single	1	8	i-_
596	single	1	1	_-a
596	single	1	2	a-q
596	single	1	3	q-g
596	single	1	4	g-u
596	single	1	5	u-r
596	single	1	6	r-s.
596	single	1	7	s.-i.
596	single	1	8	i.-_
597	single	1	1	_-a
597	single	1	2	a-s
597	single	1	3	s-s
597	single	1	4	s-i
597	single	1	5	i-m
597	single	1	6	m-m
597	single	1	7	m-i
597	single	1	8	i-_
598	single	1	1	_-e
598	single	1	2	e-?
598	single	1	3	?-d
598	single	1	4	d-a
598	single	1	5	a-k
598	single	1	6	k-t.
598	single	1	7	t.-u.
598	single	1	8	u.-_
599	single	1	1	_-i
599	single	1	2	i-j
599	single	1	3	j-z
599	single	1	4	z-a
599	single	1	5	a-l
599	single	1	6	l-d
599	single	1	7	d-u
599	single	1	8	u-_
600	single	1	1	_-u
600	single	1	2	u-x
600	single	1	3	x-s.
600	single	1	4	s.-e.
600	single	1	5	e.-x
600	single	1	6	x-b
600	single	1	7	b-u
600	single	1	8	u-_
601	single	1	1	_-a
601	single	1	2	a-z
601	single	1	3	z-k
601	single	1	4	k-e
601	single	1	5	e-b
601	single	1	6	b-d
601	single	1	7	d-u
601	single	1	8	u-_
602	single	1	1	_-i
602	single	1	2	i-?
602	single	1	3	?-w
602	single	1	4	w-a
602	single	1	5	a-?
602	single	1	6	?-d
602	single	1	7	d-a
602	single	1	8	a-_
603	single	1	1	_-a
603	single	1	2	a-g
603	single	1	3	g-k
603	single	1	4	k-e
603	single	1	5	e-r
603	single	1	6	r-b
603	single	1	7	b-e
603	single	1	8	e-_
604	single	1	1	_-i
604	single	1	2	i-t
604	single	1	3	t-j
604	single	1	4	j-a
604	single	1	5	a-w
604	single	1	6	w-b
604	single	1	7	b-u
604	single	1	8	u-_
605	single	1	1	_-u
605	single	1	2	u-S
605	single	1	3	S-q
605	single	1	4	q-a.
605	single	1	5	a.-l
605	single	1	6	l-m
605	single	1	7	m-a
605	single	1	8	a-_
606	single	1	1	_-i
606	single	1	2	i-d
606	single	1	3	d-g
606	single	1	4	g-u
606	single	1	5	u-?
606	single	1	6	?-n
606	single	1	7	n-u
606	single	1	8	u-_
607	single	1	1	_-e
607	single	1	2	e-r
607	single	1	3	r-j
607	single	1	4	j-a
607	single	1	5	a-S
607	single	1	6	S-d
607	single	1	7	d-e
607	single	1	8	e-_
608	single	1	1	_-i
608	single	1	2	i-b
608	single	1	3	b-k
608	single	1	4	k-i
608	single	1	5	i-g
608	single	1	6	g-b
608	single	1	7	b-a
608	single	1	8	a-_
609	single	1	1	_-u
609	single	1	2	u-z
609	single	1	3	z-g
609	single	1	4	g-i
609	single	1	5	i-l
609	single	1	6	l-r
609	single	1	7	r-a
609	single	1	8	a-_
610	single	3	1	_-w
610	single	3	2	w-i
610	single	3	3	i-a
610	single	3	4	a-b
610	single	3	5	b-i
610	single	3	6	i-u
610	single	3	7	u-s
610	single	3	8	s-_
611	single	1	1	_-e
611	single	1	2	e-d
611	single	1	3	d-H
611	single	1	4	H-u.
611	single	1	5	u.-s.
611	single	1	6	s.-?
611	single	1	7	?-i
611	single	1	8	i-_
612	single	1	1	_-u
612	single	1	2	u-l
612	single	1	3	l-s
612	single	1	4	s-u
612	single	1	5	u-x
612	single	1	6	x-x
612	single	1	7	x-u
612	single	1	8	u-_
613	single	1	1	_-a
613	single	1	2	a-b
613	single	1	3	b-r
613	single	1	4	r-u
613	single	1	5	u-j
613	single	1	6	j-g
613	single	1	7	g-u
613	single	1	8	u-_
614	single	1	1	_-a
614	single	1	2	a-j
614	single	1	3	j-s
614	single	1	4	s-a
614	single	1	5	a-n
614	single	1	6	n-n
614	single	1	7	n-e
614	single	1	8	e-_
615	single	1	1	_-e
615	single	1	2	e-t
615	single	1	3	t-t.
615	single	1	4	t.-i.
615	single	1	5	i.-r
615	single	1	6	r-H
615	single	1	7	H-u
615	single	1	8	u-_
616	single	1	1	_-i
616	single	1	2	i-z
616	single	1	3	z-x
616	single	1	4	x-i
616	single	1	5	i-m
616	single	1	6	m-r
616	single	1	7	r-i
616	single	1	8	i-_
617	single	1	1	_-e
617	single	1	2	e-w
617	single	1	3	w-S
617	single	1	4	S-e
617	single	1	5	e-r
617	single	1	6	r-X
617	single	1	7	X-u
617	single	1	8	u-_
618	single	1	1	_-a
618	single	1	2	a-b
618	single	1	3	b-s
618	single	1	4	s-e
618	single	1	5	e-p
618	single	1	6	p-t
618	single	1	7	t-e
618	single	1	8	e-_
619	single	1	1	_-a
619	single	1	2	a-z
619	single	1	3	z-H
619	single	1	4	H-i
619	single	1	5	i-n
619	single	1	6	n-k
619	single	1	7	k-u
619	single	1	8	u-_
620	single	1	1	_-e
620	single	1	2	e-j
620	single	1	3	j-j
620	single	1	4	j-e
620	single	1	5	e-j
620	single	1	6	j-d
620	single	1	7	d-u
620	single	1	8	u-_
621	single	1	1	_-i
621	single	1	2	i-b
621	single	1	3	b-j
621	single	1	4	j-i
621	single	1	5	i-t
621	single	1	6	t-S
621	single	1	7	S-a
621	single	1	8	a-_
622	single	1	1	_-e
622	single	1	2	e-H
622	single	1	3	H-X
622	single	1	4	X-i
622	single	1	5	i-b
622	single	1	6	b-q
622	single	1	7	q-a.
622	single	1	8	a.-_
623	single	1	1	_-u
623	single	1	2	u-l
623	single	1	3	l-s.
623	single	1	4	s.-u.
623	single	1	5	u.-S
623	single	1	6	S-b
623	single	1	7	b-a
623	single	1	8	a-_
624	single	1	1	_-a
624	single	1	2	a-l
624	single	1	3	l-j
624	single	1	4	j-a
624	single	1	5	a-b
624	single	1	6	b-t
624	single	1	7	t-i
624	single	1	8	i-_
625	single	1	1	_-a
625	single	1	2	a-S
625	single	1	3	S-X
625	single	1	4	X-i
625	single	1	5	i-S
625	single	1	6	S-r
625	single	1	7	r-u
625	single	1	8	u-_
626	single	1	1	_-i
626	single	1	2	i-r
626	single	1	3	r-q
626	single	1	4	q-e.
626	single	1	5	e.-p
626	single	1	6	p-j
626	single	1	7	j-a
626	single	1	8	a-_
627	single	1	1	_-i
627	single	1	2	i-j
627	single	1	3	j-x
627	single	1	4	x-a
627	single	1	5	a-g
627	single	1	6	g-s.
627	single	1	7	s.-u.
627	single	1	8	u.-_
628	single	1	1	_-e
628	single	1	2	e-s.
628	single	1	3	s.-j
628	single	1	4	j-e
628	single	1	5	e-m
628	single	1	6	m-w
628	single	1	7	w-u
628	single	1	8	u-_
629	single	3	1	_-?
629	single	3	2	?-e
629	single	3	3	e-i
629	single	3	4	i-b
629	single	3	5	b-u
629	single	3	6	u-i
629	single	3	7	i-k
629	single	3	8	k-_
630	single	3	1	_-X
630	single	3	2	X-e
630	single	3	3	e-e
630	single	3	4	e-t
630	single	3	5	t-a
630	single	3	6	a-u
630	single	3	7	u-b
630	single	3	8	b-_
631	single	1	1	_-i
631	single	1	2	i-X
631	single	1	3	X-H
631	single	1	4	H-a
631	single	1	5	a-b
631	single	1	6	b-X
631	single	1	7	X-u
631	single	1	8	u-_
632	single	1	1	_-u
632	single	1	2	u-t
632	single	1	3	t-b
632	single	1	4	b-i.
632	single	1	5	i.-q
632	single	1	6	q-l
632	single	1	7	l-u
632	single	1	8	u-_
633	single	1	1	_-e
633	single	1	2	e-n
633	single	1	3	n-p
633	single	1	4	p-e
633	single	1	5	e-?
633	single	1	6	?-S
633	single	1	7	S-a
633	single	1	8	a-_
634	single	1	1	_-i
634	single	1	2	i-n
634	single	1	3	n-t
634	single	1	4	t-e
634	single	1	5	e-p
634	single	1	6	p-H
634	single	1	7	H-e
634	single	1	8	e-_
635	single	1	1	_-u
635	single	1	2	u-p
635	single	1	3	p-w
635	single	1	4	w-u
635	single	1	5	u-r
635	single	1	6	r-?
635	single	1	7	?-u
635	single	1	8	u-_
636	single	1	1	_-a
636	single	1	2	a-t.
636	single	1	3	t.-j
636	single	1	4	j-u
636	single	1	5	u-t
636	single	1	6	t-x
636	single	1	7	x-a
636	single	1	8	a-_
637	single	1	1	_-u
637	single	1	2	u-n
637	single	1	3	n-z
637	single	1	4	z-a
637	single	1	5	a-s
637	single	1	6	s-?
637	single	1	7	?-u
637	single	1	8	u-_
638	single	1	1	_-a
638	single	1	2	a-x
638	single	1	3	x-X
638	single	1	4	X-u
638	single	1	5	u-g
638	single	1	6	g-t
638	single	1	7	t-a
638	single	1	8	a-_
639	single	1	1	_-a
639	single	1	2	a-s.
639	single	1	3	s.-q
639	single	1	4	q-a.
639	single	1	5	a.-t.
639	single	1	6	t.-m
639	single	1	7	m-a
639	single	1	8	a-_
640	single	1	1	_-a
640	single	1	2	a-S
640	single	1	3	S-t
640	single	1	4	t-i
640	single	1	5	i-t.
640	single	1	6	t.-t
640	single	1	7	t-u
640	single	1	8	u-_
641	single	1	1	_-i
641	single	1	2	i-n
641	single	1	3	n-x
641	single	1	4	x-a
641	single	1	5	a-s
641	single	1	6	s-X
641	single	1	7	X-a
641	single	1	8	a-_
642	single	1	1	_-a
642	single	1	2	a-?
642	single	1	3	?-t.
642	single	1	4	t.-i.
642	single	1	5	i.-X
642	single	1	6	X-g
642	single	1	7	g-i
642	single	1	8	i-_
643	single	1	1	_-e
643	single	1	2	e-k
643	single	1	3	k-g
643	single	1	4	g-u
643	single	1	5	u-z
643	single	1	6	z-j
643	single	1	7	j-a
643	single	1	8	a-_
644	single	1	1	_-e
644	single	1	2	e-g
644	single	1	3	g-d
644	single	1	4	d-i
644	single	1	5	i-q
644	single	1	6	q-x
644	single	1	7	x-u
644	single	1	8	u-_
645	single	1	1	_-a
645	single	1	2	a-p
645	single	1	3	p-s
645	single	1	4	s-i
645	single	1	5	i-H
645	single	1	6	H-z
645	single	1	7	z-e
645	single	1	8	e-_
646	single	1	1	_-u
646	single	1	2	u-b
646	single	1	3	b-x
646	single	1	4	x-i
646	single	1	5	i-d
646	single	1	6	d-p
646	single	1	7	p-i
646	single	1	8	i-_
647	single	1	1	_-u
647	single	1	2	u-w
647	single	1	3	w-s
647	single	1	4	s-a
647	single	1	5	a-m
647	single	1	6	m-n
647	single	1	7	n-a
647	single	1	8	a-_
648	single	1	1	_-a
648	single	1	2	a-l
648	single	1	3	l-S
648	single	1	4	S-i
648	single	1	5	i-b
648	single	1	6	b-p
648	single	1	7	p-i
648	single	1	8	i-_
649	single	1	1	_-u
649	single	1	2	u-S
649	single	1	3	S-n
649	single	1	4	n-i
649	single	1	5	i-k
649	single	1	6	k-d
649	single	1	7	d-a
649	single	1	8	a-_
650	single	1	1	_-e
650	single	1	2	e-t
650	single	1	3	t-X
650	single	1	4	X-u
650	single	1	5	u-z
650	single	1	6	z-w
650	single	1	7	w-i
650	single	1	8	i-_
651	single	1	1	_-a
651	single	1	2	a-w
651	single	1	3	w-l
651	single	1	4	l-e
651	single	1	5	e-r
651	single	1	6	r-n
651	single	1	7	n-e
651	single	1	8	e-_
652	single	1	1	_-i
652	single	1	2	i-?
652	single	1	3	?-b
652	single	1	4	b-u
652	single	1	5	u-d
652	single	1	6	d-m
652	single	1	7	m-a
652	single	1	8	a-_
653	single	1	1	_-i
653	single	1	2	i-r
653	single	1	3	r-w
653	single	1	4	w-e
653	single	1	5	e-k
653	single	1	6	k-w
653	single	1	7	w-e
653	single	1	8	e-_
654	single	1	1	_-i
654	single	1	2	i-j
654	single	1	3	j-w
654	single	1	4	w-e
654	single	1	5	e-H
654	single	1	6	H-?
654	single	1	7	?-e
654	single	1	8	e-_
655	single	1	1	_-i
655	single	1	2	i-m
655	single	1	3	m-?
655	single	1	4	?-u
655	single	1	5	u-x
655	single	1	6	x-g
655	single	1	7	g-u
655	single	1	8	u-_
656	single	1	1	_-i
656	single	1	2	i-b
656	single	1	3	b-w
656	single	1	4	w-i
656	single	1	5	i-d
656	single	1	6	d-t.
656	single	1	7	t.-a.
656	single	1	8	a.-_
657	single	3	1	_-S
657	single	3	2	S-e
657	single	3	3	e-u
657	single	3	4	u-r
657	single	3	5	r-u
657	single	3	6	u-a
657	single	3	7	a-l
657	single	3	8	l-_
658	single	1	1	_-i
658	single	1	2	i-w
658	single	1	3	w-t
658	single	1	4	t-e
658	single	1	5	e-r
658	single	1	6	r-l
658	single	1	7	l-e
658	single	1	8	e-_
659	single	1	1	_-a
659	single	1	2	a-l
659	single	1	3	l-k
659	single	1	4	k-e
659	single	1	5	e-b
659	single	1	6	b-k
659	single	1	7	k-i
659	single	1	8	i-_
660	single	1	1	_-a
660	single	1	2	a-H
660	single	1	3	H-H
660	single	1	4	H-e
660	single	1	5	e-x
660	single	1	6	x-g
660	single	1	7	g-e
660	single	1	8	e-_
661	single	1	1	_-u
661	single	1	2	u-p
661	single	1	3	p-s.
661	single	1	4	s.-i.
661	single	1	5	i.-p
661	single	1	6	p-?
661	single	1	7	?-a
661	single	1	8	a-_
662	single	1	1	_-u
662	single	1	2	u-n
662	single	1	3	n-d
662	single	1	4	d-a
662	single	1	5	a-l
662	single	1	6	l-H
662	single	1	7	H-u
662	single	1	8	u-_
663	single	1	1	_-e
663	single	1	2	e-k
663	single	1	3	k-x
663	single	1	4	x-i
663	single	1	5	i-?
663	single	1	6	?-H
663	single	1	7	H-u
663	single	1	8	u-_
664	single	1	1	_-i
664	single	1	2	i-w
664	single	1	3	w-X
664	single	1	4	X-u
664	single	1	5	u-j
664	single	1	6	j-s.
664	single	1	7	s.-u.
664	single	1	8	u.-_
665	single	1	1	_-u
665	single	1	2	u-t
665	single	1	3	t-g
665	single	1	4	g-a
665	single	1	5	a-z
665	single	1	6	z-z
665	single	1	7	z-u
665	single	1	8	u-_
666	single	1	1	_-e
666	single	1	2	e-l
666	single	1	3	l-m
666	single	1	4	m-u
666	single	1	5	u-n
666	single	1	6	n-j
666	single	1	7	j-u
666	single	1	8	u-_
667	single	1	1	_-e
667	single	1	2	e-x
667	single	1	3	x-?
667	single	1	4	?-u
667	single	1	5	u-X
667	single	1	6	X-n
667	single	1	7	n-e
667	single	1	8	e-_
668	single	1	1	_-a
668	single	1	2	a-S
668	single	1	3	S-z
668	single	1	4	z-u
668	single	1	5	u-X
668	single	1	6	X-z
668	single	1	7	z-i
668	single	1	8	i-_
669	single	1	1	_-i
669	single	1	2	i-b
669	single	1	3	b-l
669	single	1	4	l-e
669	single	1	5	e-k
669	single	1	6	k-l
669	single	1	7	l-e
669	single	1	8	e-_
670	single	2	1	_-z
670	single	2	2	z-e.
670	single	2	3	e.-q
670	single	2	4	q-e.
670	single	2	5	e.-s
670	single	2	6	s-j
670	single	2	7	j-u
670	single	2	8	u-p
670	single	2	9	p-_
671	single	1	1	_-e
671	single	1	2	e-w
671	single	1	3	w-w
671	single	1	4	w-a
671	single	1	5	a-r
671	single	1	6	r-j
671	single	1	7	j-u
671	single	1	8	u-_
672	single	1	1	_-u
672	single	1	2	u-p
672	single	1	3	p-k
672	single	1	4	k-a
672	single	1	5	a-s.
672	single	1	6	s.-x
672	single	1	7	x-i
672	single	1	8	i-_
673	single	1	1	_-e
673	single	1	2	e-k
673	single	1	3	k-r
673	single	1	4	r-e
673	single	1	5	e-?
673	single	1	6	?-r
673	single	1	7	r-u
673	single	1	8	u-_
674	single	1	1	_-u
674	single	1	2	u-m
674	single	1	3	m-H
674	single	1	4	H-i
674	single	1	5	i-s
674	single	1	6	s-w
674	single	1	7	w-a
674	single	1	8	a-_
675	single	1	1	_-a
675	single	1	2	a-x
675	single	1	3	x-t
675	single	1	4	t-i
675	single	1	5	i-x
675	single	1	6	x-S
675	single	1	7	S-e
675	single	1	8	e-_
676	single	1	1	_-i
676	single	1	2	i-k
676	single	1	3	k-r
676	single	1	4	r-i
676	single	1	5	i-w
676	single	1	6	w-k
676	single	1	7	k-i
676	single	1	8	i-_
677	single	1	1	_-a
677	single	1	2	a-S
677	single	1	3	S-m
677	single	1	4	m-i
677	single	1	5	i-x
677	single	1	6	x-w
677	single	1	7	w-a
677	single	1	8	a-_
678	single	1	1	_-i
678	single	1	2	i-z
678	single	1	3	z-x
678	single	1	4	x-e
678	single	1	5	e-s
678	single	1	6	s-k
678	single	1	7	k-a
678	single	1	8	a-_
679	single	1	1	_-e
679	single	1	2	e-j
679	single	1	3	j-x
679	single	1	4	x-a.
679	single	1	5	a.-t.
679	single	1	6	t.-H
679	single	1	7	H-u
679	single	1	8	u-_
680	single	1	1	_-i
680	single	1	2	i-S
680	single	1	3	S-g
680	single	1	4	g-a
680	single	1	5	a-?
680	single	1	6	?-?
680	single	1	7	?-u
680	single	1	8	u-_
681	single	1	1	_-a
681	single	1	2	a-S
681	single	1	3	S-m
681	single	1	4	m-u.
681	single	1	5	u.-s.
681	single	1	6	s.-S
681	single	1	7	S-u
681	single	1	8	u-_
682	single	1	1	_-e
682	single	1	2	e-r
682	single	1	3	r-t.
682	single	1	4	t.-e.
682	single	1	5	e.-m
682	single	1	6	m-r
682	single	1	7	r-u
682	single	1	8	u-_
683	single	1	1	_-e
683	single	1	2	e-q
683	single	1	3	q-g
683	single	1	4	g-e
683	single	1	5	e-H
683	single	1	6	H-H
683	single	1	7	H-e
683	single	1	8	e-_
684	single	1	1	_-u
684	single	1	2	u-s
684	single	1	3	s-l
684	single	1	4	l-u
684	single	1	5	u-l
684	single	1	6	l-n
684	single	1	7	n-e
684	single	1	8	e-_
685	single	1	1	_-e
685	single	1	2	e-g
685	single	1	3	g-n
685	single	1	4	n-u
685	single	1	5	u-l
685	single	1	6	l-?
685	single	1	7	?-e
685	single	1	8	e-_
686	single	3	1	_-X
686	single	3	2	X-i
686	single	3	3	i-i
686	single	3	4	i-j
686	single	3	5	j-u
686	single	3	6	u-u
686	single	3	7	u-t
686	single	3	8	t-_
687	single	1	1	_-a
687	single	1	2	a-d
687	single	1	3	d-d
687	single	1	4	d-e
687	single	1	5	e-w
687	single	1	6	w-p
687	single	1	7	p-e
687	single	1	8	e-_
688	single	1	1	_-i
688	single	1	2	i-b
688	single	1	3	b-t
688	single	1	4	t-i
688	single	1	5	i-q
688	single	1	6	q-z
688	single	1	7	z-i
688	single	1	8	i-_
689	single	1	1	_-e
689	single	1	2	e-l
689	single	1	3	l-x
689	single	1	4	x-a
689	single	1	5	a-d
689	single	1	6	d-x
689	single	1	7	x-a
689	single	1	8	a-_
690	single	1	1	_-i
690	single	1	2	i-x
690	single	1	3	x-z
690	single	1	4	z-a
690	single	1	5	a-b
690	single	1	6	b-b
690	single	1	7	b-i
690	single	1	8	i-_
691	single	1	1	_-i
691	single	1	2	i-t
691	single	1	3	t-w
691	single	1	4	w-e
691	single	1	5	e-t
691	single	1	6	t-w
691	single	1	7	w-i
691	single	1	8	i-_
692	single	1	1	_-i
692	single	1	2	i-n
692	single	1	3	n-r
692	single	1	4	r-u
692	single	1	5	u-j
692	single	1	6	j-H
692	single	1	7	H-u
692	single	1	8	u-_
693	single	1	1	_-e
693	single	1	2	e-H
693	single	1	3	H-s
693	single	1	4	s-u
693	single	1	5	u-g
693	single	1	6	g-j
693	single	1	7	j-u
693	single	1	8	u-_
694	single	1	1	_-u
694	single	1	2	u-t.
694	single	1	3	t.-s
694	single	1	4	s-e
694	single	1	5	e-n
694	single	1	6	n-l
694	single	1	7	l-a
694	single	1	8	a-_
695	single	1	1	_-a
695	single	1	2	a-S
695	single	1	3	S-H
695	single	1	4	H-i
695	single	1	5	i-s
695	single	1	6	s-H
695	single	1	7	H-e
695	single	1	8	e-_
696	single	1	1	_-i
696	single	1	2	i-S
696	single	1	3	S-p
696	single	1	4	p-u
696	single	1	5	u-r
696	single	1	6	r-n
696	single	1	7	n-u
696	single	1	8	u-_
697	single	1	1	_-e
697	single	1	2	e-z
697	single	1	3	z-l
697	single	1	4	l-a
697	single	1	5	a-w
697	single	1	6	w-t.
697	single	1	7	t.-u.
697	single	1	8	u.-_
698	single	1	1	_-u
698	single	1	2	u-w
698	single	1	3	w-z
698	single	1	4	z-u
698	single	1	5	u-H
698	single	1	6	H-t.
698	single	1	7	t.-e.
698	single	1	8	e.-_
699	single	1	1	_-a
699	single	1	2	a-p
699	single	1	3	p-x
699	single	1	4	x-u
699	single	1	5	u-w
699	single	1	6	w-X
699	single	1	7	X-a
699	single	1	8	a-_
700	single	1	1	_-a
700	single	1	2	a-q
700	single	1	3	q-m
700	single	1	4	m-u
700	single	1	5	u-g
700	single	1	6	g-s
700	single	1	7	s-i
700	single	1	8	i-_
701	single	1	1	_-i
701	single	1	2	i-b
701	single	1	3	b-r
701	single	1	4	r-u
701	single	1	5	u-S
701	single	1	6	S-r
701	single	1	7	r-u
701	single	1	8	u-_
702	single	1	1	_-e
702	single	1	2	e-t.
702	single	1	3	t.-n
702	single	1	4	n-i
702	single	1	5	i-p
702	single	1	6	p-t
702	single	1	7	t-i
702	single	1	8	i-_
703	single	1	1	_-a
703	single	1	2	a-l
703	single	1	3	l-l
703	single	1	4	l-e
703	single	1	5	e-m
703	single	1	6	m-d
703	single	1	7	d-i
703	single	1	8	i-_
704	single	1	1	_-i
704	single	1	2	i-r
704	single	1	3	r-X
704	single	1	4	X-a
704	single	1	5	a-?
704	single	1	6	?-w
704	single	1	7	w-a
704	single	1	8	a-_
705	single	1	1	_-u
705	single	1	2	u-H
705	single	1	3	H-x
705	single	1	4	x-u.
705	single	1	5	u.-s.
705	single	1	6	s.-z
705	single	1	7	z-i
705	single	1	8	i-_
706	single	1	1	_-u
706	single	1	2	u-d
706	single	1	3	d-b
706	single	1	4	b-i
706	single	1	5	i-l
706	single	1	6	l-S
706	single	1	7	S-i
706	single	1	8	i-_
707	single	1	1	_-e
707	single	1	2	e-s
707	single	1	3	s-z
707	single	1	4	z-u
707	single	1	5	u-?
707	single	1	6	?-l
707	single	1	7	l-i
707	single	1	8	i-_
708	single	2	1	_-m
708	single	2	2	m-e
708	single	2	3	e-j
708	single	2	4	j-e
708	single	2	5	e-X
708	single	2	6	X-k
708	single	2	7	k-a
708	single	2	8	a-?
708	single	2	9	?-_
709	single	1	1	_-i
709	single	1	2	i-b
709	single	1	3	b-m
709	single	1	4	m-a
709	single	1	5	a-H
709	single	1	6	H-d
709	single	1	7	d-i
709	single	1	8	i-_
710	single	1	1	_-a
710	single	1	2	a-w
710	single	1	3	w-j
710	single	1	4	j-e
710	single	1	5	e-l
710	single	1	6	l-b
710	single	1	7	b-i
710	single	1	8	i-_
711	single	1	1	_-a
711	single	1	2	a-z
711	single	1	3	z-r
711	single	1	4	r-a
711	single	1	5	a-H
711	single	1	6	H-w
711	single	1	7	w-e
711	single	1	8	e-_
712	single	3	1	_-z
712	single	3	2	z-u
712	single	3	3	u-e
712	single	3	4	e-r
712	single	3	5	r-a
712	single	3	6	a-i
712	single	3	7	i-z
712	single	3	8	z-_
713	single	1	1	_-u
713	single	1	2	u-d
713	single	1	3	d-X
713	single	1	4	X-u
713	single	1	5	u-r
713	single	1	6	r-S
713	single	1	7	S-a
713	single	1	8	a-_
714	single	1	1	_-u
714	single	1	2	u-l
714	single	1	3	l-w
714	single	1	4	w-i
714	single	1	5	i-H
714	single	1	6	H-q
714	single	1	7	q-e.
714	single	1	8	e.-_
715	single	1	1	_-i
715	single	1	2	i-m
715	single	1	3	m-l
715	single	1	4	l-e
715	single	1	5	e-g
715	single	1	6	g-t.
715	single	1	7	t.-i.
715	single	1	8	i.-_
716	single	1	1	_-a
716	single	1	2	a-H
716	single	1	3	H-b
716	single	1	4	b-u
716	single	1	5	u-p
716	single	1	6	p-?
716	single	1	7	?-e
716	single	1	8	e-_
717	single	1	1	_-u
717	single	1	2	u-t
717	single	1	3	t-s.
717	single	1	4	s.-e.
717	single	1	5	e.-l
717	single	1	6	l-d
717	single	1	7	d-a
717	single	1	8	a-_
718	single	1	1	_-e
718	single	1	2	e-z
718	single	1	3	z-?
718	single	1	4	?-e
718	single	1	5	e-b
718	single	1	6	b-n
718	single	1	7	n-i
718	single	1	8	i-_
719	single	1	1	_-i
719	single	1	2	i-s
719	single	1	3	s-g
719	single	1	4	g-e
719	single	1	5	e-t
719	single	1	6	t-g
719	single	1	7	g-e
719	single	1	8	e-_
720	single	1	1	_-u
720	single	1	2	u-t
720	single	1	3	t-p
720	single	1	4	p-a
720	single	1	5	a-n
720	single	1	6	n-j
720	single	1	7	j-u
720	single	1	8	u-_
721	single	1	1	_-u
721	single	1	2	u-g
721	single	1	3	g-x
721	single	1	4	x-u
721	single	1	5	u-?
721	single	1	6	?-X
721	single	1	7	X-i
721	single	1	8	i-_
722	single	1	1	_-a
722	single	1	2	a-d
722	single	1	3	d-H
722	single	1	4	H-e
722	single	1	5	e-j
722	single	1	6	j-n
722	single	1	7	n-i
722	single	1	8	i-_
723	single	1	1	_-e
723	single	1	2	e-s.
723	single	1	3	s.-g
723	single	1	4	g-a.
723	single	1	5	a.-q
723	single	1	6	q-n
723	single	1	7	n-e
723	single	1	8	e-_
724	single	1	1	_-u
724	single	1	2	u-g
724	single	1	3	g-g
724	single	1	4	g-i
724	single	1	5	i-j
724	single	1	6	j-w
724	single	1	7	w-e
724	single	1	8	e-_
725	single	1	1	_-u
725	single	1	2	u-s
725	single	1	3	s-b
725	single	1	4	b-i
725	single	1	5	i-z
725	single	1	6	z-X
725	single	1	7	X-u
725	single	1	8	u-_
726	single	1	1	_-u
726	single	1	2	u-k
726	single	1	3	k-s
726	single	1	4	s-e
726	single	1	5	e-H
726	single	1	6	H-z
726	single	1	7	z-e
726	single	1	8	e-_
727	single	1	1	_-u
727	single	1	2	u-d
727	single	1	3	d-l
727	single	1	4	l-a.
727	single	1	5	a.-s.
727	single	1	6	s.-k
727	single	1	7	k-u
727	single	1	8	u-_
728	single	1	1	_-a
728	single	1	2	a-r
728	single	1	3	r-k
728	single	1	4	k-a
728	single	1	5	a-q
728	single	1	6	q-q
728	single	1	7	q-u.
728	single	1	8	u.-_
729	single	1	1	_-i
729	single	1	2	i-x
729	single	1	3	x-m
729	single	1	4	m-a
729	single	1	5	a-?
729	single	1	6	?-H
729	single	1	7	H-a
729	single	1	8	a-_
730	single	1	1	_-e
730	single	1	2	e-X
730	single	1	3	X-l
730	single	1	4	l-a
730	single	1	5	a-g
730	single	1	6	g-z
730	single	1	7	z-u
730	single	1	8	u-_
731	single	1	1	_-i
731	single	1	2	i-r
731	single	1	3	r-l
731	single	1	4	l-i
731	single	1	5	i-m
731	single	1	6	m-z
731	single	1	7	z-a
731	single	1	8	a-_
732	single	1	1	_-e
732	single	1	2	e-r
732	single	1	3	r-s.
732	single	1	4	s.-u.
732	single	1	5	u.-b
732	single	1	6	b-z
732	single	1	7	z-i
732	single	1	8	i-_
733	single	1	1	_-e
733	single	1	2	e-j
733	single	1	3	j-t.
733	single	1	4	t.-u.
733	single	1	5	u.-z
733	single	1	6	z-g
733	single	1	7	g-u
733	single	1	8	u-_
734	single	1	1	_-a
734	single	1	2	a-k
734	single	1	3	k-S
734	single	1	4	S-u
734	single	1	5	u-l
734	single	1	6	l-k
734	single	1	7	k-e
734	single	1	8	e-_
735	single	3	1	_-g
735	single	3	2	g-u.
735	single	3	3	u.-e.
735	single	3	4	e.-s.
735	single	3	5	s.-u.
735	single	3	6	u.-a.
735	single	3	7	a.-p
735	single	3	8	p-_
736	single	1	1	_-a
736	single	1	2	a-t.
736	single	1	3	t.-w
736	single	1	4	w-u
736	single	1	5	u-g
736	single	1	6	g-X
736	single	1	7	X-u
736	single	1	8	u-_
737	single	1	1	_-u
737	single	1	2	u-w
737	single	1	3	w-d
737	single	1	4	d-u
737	single	1	5	u-s.
737	single	1	6	s.-p
737	single	1	7	p-u
737	single	1	8	u-_
738	single	1	1	_-e
738	single	1	2	e-p
738	single	1	3	p-b
738	single	1	4	b-a
738	single	1	5	a-t
738	single	1	6	t-z
738	single	1	7	z-i
738	single	1	8	i-_
739	single	1	1	_-a
739	single	1	2	a-t
739	single	1	3	t-t
739	single	1	4	t-a
739	single	1	5	a-n
739	single	1	6	n-g
739	single	1	7	g-a
739	single	1	8	a-_
740	single	1	1	_-a
740	single	1	2	a-S
740	single	1	3	S-s
740	single	1	4	s-a
740	single	1	5	a-H
740	single	1	6	H-l
740	single	1	7	l-i
740	single	1	8	i-_
741	single	1	1	_-a
741	single	1	2	a-S
741	single	1	3	S-k
741	single	1	4	k-u
741	single	1	5	u-q
741	single	1	6	q-?
741	single	1	7	?-a
741	single	1	8	a-_
742	single	1	1	_-i
742	single	1	2	i-m
742	single	1	3	m-k
742	single	1	4	k-e
742	single	1	5	e-s.
742	single	1	6	s.-g
742	single	1	7	g-i
742	single	1	8	i-_
743	single	1	1	_-u
743	single	1	2	u-X
743	single	1	3	X-p
743	single	1	4	p-a
743	single	1	5	a-k
743	single	1	6	k-l
743	single	1	7	l-a
743	single	1	8	a-_
744	single	1	1	_-a
744	single	1	2	a-p
744	single	1	3	p-m
744	single	1	4	m-a
744	single	1	5	a-p
744	single	1	6	p-m
744	single	1	7	m-i
744	single	1	8	i-_
745	single	2	1	_-n
745	single	2	2	n-e
745	single	2	3	e-p
745	single	2	4	p-a
745	single	2	5	a-j
745	single	2	6	j-m
745	single	2	7	m-a
745	single	2	8	a-b
745	single	2	9	b-_
746	single	2	1	_-s
746	single	2	2	s-i.
746	single	2	3	i.-s.
746	single	2	4	s.-u.
746	single	2	5	u.-t.
746	single	2	6	t.-p
746	single	2	7	p-u
746	single	2	8	u-j
746	single	2	9	j-_
747	single	1	1	_-u
747	single	1	2	u-t.
747	single	1	3	t.-b
747	single	1	4	b-a
747	single	1	5	a-l
747	single	1	6	l-z
747	single	1	7	z-i
747	single	1	8	i-_
748	single	1	1	_-a
748	single	1	2	a-d
748	single	1	3	d-n
748	single	1	4	n-e
748	single	1	5	e-S
748	single	1	6	S-n
748	single	1	7	n-u
748	single	1	8	u-_
749	single	1	1	_-e
749	single	1	2	e-n
749	single	1	3	n-H
749	single	1	4	H-a
749	single	1	5	a-w
749	single	1	6	w-s
749	single	1	7	s-u
749	single	1	8	u-_
750	single	1	1	_-i
750	single	1	2	i-d
750	single	1	3	d-p
750	single	1	4	p-i
750	single	1	5	i-g
750	single	1	6	g-w
750	single	1	7	w-a
750	single	1	8	a-_
751	single	2	1	_-g
751	single	2	2	g-e
751	single	2	3	e-s
751	single	2	4	s-a
751	single	2	5	a-j
751	single	2	6	j-p
751	single	2	7	p-u
751	single	2	8	u-k
751	single	2	9	k-_
752	single	1	1	_-i
752	single	1	2	i-m
752	single	1	3	m-k
752	single	1	4	k-a
752	single	1	5	a-x
752	single	1	6	x-n
752	single	1	7	n-a
752	single	1	8	a-_
753	single	1	1	_-a
753	single	1	2	a-r
753	single	1	3	r-r
753	single	1	4	r-i
753	single	1	5	i-l
753	single	1	6	l-s
753	single	1	7	s-e
753	single	1	8	e-_
754	single	1	1	_-e
754	single	1	2	e-?
754	single	1	3	?-k
754	single	1	4	k-i
754	single	1	5	i-k
754	single	1	6	k-t
754	single	1	7	t-a
754	single	1	8	a-_
755	single	1	1	_-e
755	single	1	2	e-g
755	single	1	3	g-d
755	single	1	4	d-u
755	single	1	5	u-r
755	single	1	6	r-b
755	single	1	7	b-e
755	single	1	8	e-_
756	single	1	1	_-e
756	single	1	2	e-d
756	single	1	3	d-?
756	single	1	4	?-a
756	single	1	5	a-S
756	single	1	6	S-l
756	single	1	7	l-a
756	single	1	8	a-_
757	single	1	1	_-i
757	single	1	2	i-l
757	single	1	3	l-?
757	single	1	4	?-a
757	single	1	5	a-H
757	single	1	6	H-w
757	single	1	7	w-a
757	single	1	8	a-_
758	single	2	1	_-g
758	single	2	2	g-e
758	single	2	3	e-?
758	single	2	4	?-u
758	single	2	5	u-k
758	single	2	6	k-?
758	single	2	7	?-a
758	single	2	8	a-j
758	single	2	9	j-_
759	single	1	1	_-a
759	single	1	2	a-p
759	single	1	3	p-S
759	single	1	4	S-a
759	single	1	5	a-p
759	single	1	6	p-d
759	single	1	7	d-u
759	single	1	8	u-_
760	single	1	1	_-e
760	single	1	2	e-b
760	single	1	3	b-g
760	single	1	4	g-i
760	single	1	5	i-s
760	single	1	6	s-S
760	single	1	7	S-e
760	single	1	8	e-_
761	single	1	1	_-u
761	single	1	2	u-k
761	single	1	3	k-?
761	single	1	4	?-a.
761	single	1	5	a.-t.
761	single	1	6	t.-w
761	single	1	7	w-i
761	single	1	8	i-_
762	single	1	1	_-u
762	single	1	2	u-j
762	single	1	3	j-j
762	single	1	4	j-a
762	single	1	5	a-j
762	single	1	6	j-X
762	single	1	7	X-i
762	single	1	8	i-_
763	single	1	1	_-u
763	single	1	2	u-j
763	single	1	3	j-b
763	single	1	4	b-a
763	single	1	5	a-l
763	single	1	6	l-g
763	single	1	7	g-i
763	single	1	8	i-_
764	single	1	1	_-u
764	single	1	2	u-z
764	single	1	3	z-j
764	single	1	4	j-e
764	single	1	5	e-k
764	single	1	6	k-b
764	single	1	7	b-a
764	single	1	8	a-_
765	single	1	1	_-i
765	single	1	2	i-t.
765	single	1	3	t.-m
765	single	1	4	m-e
765	single	1	5	e-j
765	single	1	6	j-k
765	single	1	7	k-a
765	single	1	8	a-_
766	single	1	1	_-a
766	single	1	2	a-n
766	single	1	3	n-p
766	single	1	4	p-u
766	single	1	5	u-p
766	single	1	6	p-d
766	single	1	7	d-i
766	single	1	8	i-_
767	single	1	1	_-i
767	single	1	2	i-r
767	single	1	3	r-?
767	single	1	4	?-u
767	single	1	5	u-?
767	single	1	6	?-j
767	single	1	7	j-a
767	single	1	8	a-_
768	single	1	1	_-a
768	single	1	2	a-j
768	single	1	3	j-r
768	single	1	4	r-i
768	single	1	5	i-d
768	single	1	6	d-z
768	single	1	7	z-u
768	single	1	8	u-_
769	single	1	1	_-u
769	single	1	2	u-w
769	single	1	3	w-w
769	single	1	4	w-i
769	single	1	5	i-S
769	single	1	6	S-?
769	single	1	7	?-a
769	single	1	8	a-_
770	single	1	1	_-e
770	single	1	2	e-s
770	single	1	3	s-?
770	single	1	4	?-i
770	single	1	5	i-l
770	single	1	6	l-q
770	single	1	7	q-u.
770	single	1	8	u.-_
771	single	1	1	_-a
771	single	1	2	a-n
771	single	1	3	n-k
771	single	1	4	k-a
771	single	1	5	a-b
771	single	1	6	b-d
771	single	1	7	d-e
771	single	1	8	e-_
772	single	1	1	_-i
772	single	1	2	i-g
772	single	1	3	g-l
772	single	1	4	l-e
772	single	1	5	e-x
772	single	1	6	x-H
772	single	1	7	H-u
772	single	1	8	u-_
773	single	2	1	_-n
773	single	2	2	n-a
773	single	2	3	a-p
773	single	2	4	p-i
773	single	2	5	i-p
773	single	2	6	p-l
773	single	2	7	l-a
773	single	2	8	a-w
773	single	2	9	w-_
774	single	2	1	_-?
774	single	2	2	?-a.
774	single	2	3	a.-q
774	single	2	4	q-u.
774	single	2	5	u.-z
774	single	2	6	z-d
774	single	2	7	d-e
774	single	2	8	e-j
774	single	2	9	j-_
775	single	1	1	_-u
775	single	1	2	u-p
775	single	1	3	p-w
775	single	1	4	w-a
775	single	1	5	a-t
775	single	1	6	t-?
775	single	1	7	?-e
775	single	1	8	e-_
776	single	1	1	_-i
776	single	1	2	i-X
776	single	1	3	X-d
776	single	1	4	d-u
776	single	1	5	u-S
776	single	1	6	S-k
776	single	1	7	k-e
776	single	1	8	e-_
777	single	1	1	_-a
777	single	1	2	a-q
777	single	1	3	q-H
777	single	1	4	H-e
777	single	1	5	e-m
777	single	1	6	m-g
777	single	1	7	g-a
777	single	1	8	a-_
778	single	1	1	_-e
778	single	1	2	e-q
778	single	1	3	q-m
778	single	1	4	m-u.
778	single	1	5	u.-t.
778	single	1	6	t.-S
778	single	1	7	S-a
778	single	1	8	a-_
779	single	2	1	_-x
779	single	2	2	x-u
779	single	2	3	u-k
779	single	2	4	k-e
779	single	2	5	e-j
779	single	2	6	j-s
779	single	2	7	s-a
779	single	2	8	a-l
779	single	2	9	l-_
780	single	1	1	_-u
780	single	1	2	u-k
780	single	1	3	k-H
780	single	1	4	H-e
780	single	1	5	e-p
780	single	1	6	p-p
780	single	1	7	p-a
780	single	1	8	a-_
781	single	1	1	_-u
781	single	1	2	u-m
781	single	1	3	m-m
781	single	1	4	m-a
781	single	1	5	a-t
781	single	1	6	t-b
781	single	1	7	b-u
781	single	1	8	u-_
782	single	1	1	_-e
782	single	1	2	e-x
782	single	1	3	x-s
782	single	1	4	s-a
782	single	1	5	a-s
782	single	1	6	s-t
782	single	1	7	t-u
782	single	1	8	u-_
783	single	2	1	_-z
783	single	2	2	z-u
783	single	2	3	u-m
783	single	2	4	m-a
783	single	2	5	a-w
783	single	2	6	w-g
783	single	2	7	g-u
783	single	2	8	u-l
783	single	2	9	l-_
784	single	1	1	_-a
784	single	1	2	a-w
784	single	1	3	w-x
784	single	1	4	x-u
784	single	1	5	u-s
784	single	1	6	s-z
784	single	1	7	z-u
784	single	1	8	u-_
785	single	1	1	_-i
785	single	1	2	i-n
785	single	1	3	n-x
785	single	1	4	x-a
785	single	1	5	a-t
785	single	1	6	t-H
785	single	1	7	H-a
785	single	1	8	a-_
786	single	1	1	_-i
786	single	1	2	i-m
786	single	1	3	m-X
786	single	1	4	X-u
786	single	1	5	u-n
786	single	1	6	n-s
786	single	1	7	s-e
786	single	1	8	e-_
787	single	1	1	_-u
787	single	1	2	u-j
787	single	1	3	j-g
787	single	1	4	g-u
787	single	1	5	u-d
787	single	1	6	d-s
787	single	1	7	s-a
787	single	1	8	a-_
788	single	1	1	_-e
788	single	1	2	e-H
788	single	1	3	H-k
788	single	1	4	k-i
788	single	1	5	i-n
788	single	1	6	n-H
788	single	1	7	H-u
788	single	1	8	u-_
789	single	1	1	_-a
789	single	1	2	a-p
789	single	1	3	p-n
789	single	1	4	n-u
789	single	1	5	u-l
789	single	1	6	l-X
789	single	1	7	X-e
789	single	1	8	e-_
790	single	2	1	_-s.
790	single	2	2	s.-e.
790	single	2	3	e.-t
790	single	2	4	t-i
790	single	2	5	i-x
790	single	2	6	x-z
790	single	2	7	z-u
790	single	2	8	u-k
790	single	2	9	k-_
791	single	1	1	_-a
791	single	1	2	a-X
791	single	1	3	X-S
791	single	1	4	S-a
791	single	1	5	a-d
791	single	1	6	d-s.
791	single	1	7	s.-e.
791	single	1	8	e.-_
792	single	1	1	_-i
792	single	1	2	i-w
792	single	1	3	w-s.
792	single	1	4	s.-i.
792	single	1	5	i.-z
792	single	1	6	z-n
792	single	1	7	n-e
792	single	1	8	e-_
793	single	2	1	_-l
793	single	2	2	l-u.
793	single	2	3	u.-t.
793	single	2	4	t.-a.
793	single	2	5	a.-S
793	single	2	6	S-q
793	single	2	7	q-i.
793	single	2	8	i.-H
793	single	2	9	H-_
794	single	1	1	_-a
794	single	1	2	a-?
794	single	1	3	?-t
794	single	1	4	t-e
794	single	1	5	e-n
794	single	1	6	n-X
794	single	1	7	X-i
794	single	1	8	i-_
795	single	1	1	_-i
795	single	1	2	i-r
795	single	1	3	r-d
795	single	1	4	d-i
795	single	1	5	i-t
795	single	1	6	t-n
795	single	1	7	n-a
795	single	1	8	a-_
796	single	2	1	_-n
796	single	2	2	n-e
796	single	2	3	e-n
796	single	2	4	n-u
796	single	2	5	u-x
796	single	2	6	x-k
796	single	2	7	k-i
796	single	2	8	i-X
796	single	2	9	X-_
797	single	1	1	_-e
797	single	1	2	e-s
797	single	1	3	s-X
797	single	1	4	X-e
797	single	1	5	e-S
797	single	1	6	S-m
797	single	1	7	m-i
797	single	1	8	i-_
798	single	1	1	_-i
798	single	1	2	i-w
798	single	1	3	w-?
798	single	1	4	?-u
798	single	1	5	u-k
798	single	1	6	k-z
798	single	1	7	z-a
798	single	1	8	a-_
799	single	1	1	_-e
799	single	1	2	e-X
799	single	1	3	X-b
799	single	1	4	b-u
799	single	1	5	u-x
799	single	1	6	x-w
799	single	1	7	w-a
799	single	1	8	a-_
800	single	1	1	_-e
800	single	1	2	e-s
800	single	1	3	s-s.
800	single	1	4	s.-u.
800	single	1	5	u.-H
800	single	1	6	H-j
800	single	1	7	j-i
800	single	1	8	i-_
801	single	2	1	_-k
801	single	2	2	k-u
801	single	2	3	u-t.
801	single	2	4	t.-e.
801	single	2	5	e.-x
801	single	2	6	x-r
801	single	2	7	r-a
801	single	2	8	a-z
801	single	2	9	z-_
802	single	1	1	_-a
802	single	1	2	a-j
802	single	1	3	j-t.
802	single	1	4	t.-a.
802	single	1	5	a.-t
802	single	1	6	t-X
802	single	1	7	X-a
802	single	1	8	a-_
803	single	1	1	_-u
803	single	1	2	u-t
803	single	1	3	t-d
803	single	1	4	d-i
803	single	1	5	i-q
803	single	1	6	q-l
803	single	1	7	l-i
803	single	1	8	i-_
804	single	2	1	_-s.
804	single	2	2	s.-a.
804	single	2	3	a.-p
804	single	2	4	p-e
804	single	2	5	e-m
804	single	2	6	m-w
804	single	2	7	w-e
804	single	2	8	e-z
804	single	2	9	z-_
805	single	1	1	_-a
805	single	1	2	a-k
805	single	1	3	k-k
805	single	1	4	k-u
805	single	1	5	u-s.
805	single	1	6	s.-t.
805	single	1	7	t.-u.
805	single	1	8	u.-_
806	single	1	1	_-e
806	single	1	2	e-b
806	single	1	3	b-H
806	single	1	4	H-i
806	single	1	5	i-w
806	single	1	6	w-r
806	single	1	7	r-a
806	single	1	8	a-_
807	single	1	1	_-e
807	single	1	2	e-x
807	single	1	3	x-t
807	single	1	4	t-i
807	single	1	5	i-x
807	single	1	6	x-t
807	single	1	7	t-e
807	single	1	8	e-_
808	single	1	1	_-u
808	single	1	2	u-n
808	single	1	3	n-?
808	single	1	4	?-a
808	single	1	5	a-k
808	single	1	6	k-s.
808	single	1	7	s.-i.
808	single	1	8	i.-_
809	single	1	1	_-e
809	single	1	2	e-s
809	single	1	3	s-r
809	single	1	4	r-a.
809	single	1	5	a.-t.
809	single	1	6	t.-j
809	single	1	7	j-i
809	single	1	8	i-_
810	single	1	1	_-a
810	single	1	2	a-z
810	single	1	3	z-S
810	single	1	4	S-u
810	single	1	5	u-w
810	single	1	6	w-z
810	single	1	7	z-e
810	single	1	8	e-_
811	single	1	1	_-i
811	single	1	2	i-S
811	single	1	3	S-q
811	single	1	4	q-i.
811	single	1	5	i.-k
811	single	1	6	k-t
811	single	1	7	t-i
811	single	1	8	i-_
812	single	1	1	_-u
812	single	1	2	u-b
812	single	1	3	b-j
812	single	1	4	j-e
812	single	1	5	e-d
812	single	1	6	d-x
812	single	1	7	x-u
812	single	1	8	u-_
813	single	1	1	_-a
813	single	1	2	a-X
813	single	1	3	X-s
813	single	1	4	s-i
813	single	1	5	i-p
813	single	1	6	p-s
813	single	1	7	s-a
813	single	1	8	a-_
814	single	1	1	_-a
814	single	1	2	a-?
814	single	1	3	?-s.
814	single	1	4	s.-a.
814	single	1	5	a.-s.
814	single	1	6	s.-X
814	single	1	7	X-u
814	single	1	8	u-_
815	single	2	1	_-X
815	single	2	2	X-i
815	single	2	3	i-X
815	single	2	4	X-e
815	single	2	5	e-S
815	single	2	6	S-w
815	single	2	7	w-u
815	single	2	8	u-r
815	single	2	9	r-_
816	single	2	1	_-?
816	single	2	2	?-u
816	single	2	3	u-k
816	single	2	4	k-u
816	single	2	5	u-b
816	single	2	6	b-m
816	single	2	7	m-u
816	single	2	8	u-g
816	single	2	9	g-_
817	single	1	1	_-e
817	single	1	2	e-l
817	single	1	3	l-H
817	single	1	4	H-u
817	single	1	5	u-p
817	single	1	6	p-X
817	single	1	7	X-i
817	single	1	8	i-_
818	single	2	1	_-n
818	single	2	2	n-e
818	single	2	3	e-t
818	single	2	4	t-i
818	single	2	5	i-q
818	single	2	6	q-t
818	single	2	7	t-u
818	single	2	8	u-X
818	single	2	9	X-_
819	single	1	1	_-e
819	single	1	2	e-t.
819	single	1	3	t.-t.
819	single	1	4	t.-e.
819	single	1	5	e.-X
819	single	1	6	X-p
819	single	1	7	p-i
819	single	1	8	i-_
820	single	1	1	_-u
820	single	1	2	u-t.
820	single	1	3	t.-d
820	single	1	4	d-i
820	single	1	5	i-x
820	single	1	6	x-t.
820	single	1	7	t.-a.
820	single	1	8	a.-_
821	single	1	1	_-i
821	single	1	2	i-s
821	single	1	3	s-s
821	single	1	4	s-u
821	single	1	5	u-n
821	single	1	6	n-t.
821	single	1	7	t.-a.
821	single	1	8	a.-_
822	single	2	1	_-w
822	single	2	2	w-u
822	single	2	3	u-X
822	single	2	4	X-i
822	single	2	5	i-z
822	single	2	6	z-p
822	single	2	7	p-a
822	single	2	8	a-z
822	single	2	9	z-_
823	single	1	1	_-a
823	single	1	2	a-t.
823	single	1	3	t.-l
823	single	1	4	l-e
823	single	1	5	e-r
823	single	1	6	r-t
823	single	1	7	t-u
823	single	1	8	u-_
824	single	2	1	_-n
824	single	2	2	n-i
824	single	2	3	i-j
824	single	2	4	j-e
824	single	2	5	e-g
824	single	2	6	g-r
824	single	2	7	r-a
824	single	2	8	a-X
824	single	2	9	X-_
825	single	2	1	_-n
825	single	2	2	n-a
825	single	2	3	a-r
825	single	2	4	r-i
825	single	2	5	i-s
825	single	2	6	s-m
825	single	2	7	m-i
825	single	2	8	i-p
825	single	2	9	p-_
826	single	2	1	_-k
826	single	2	2	k-i
826	single	2	3	i-s
826	single	2	4	s-e
826	single	2	5	e-H
826	single	2	6	H-S
826	single	2	7	S-e
826	single	2	8	e-r
826	single	2	9	r-_
827	single	1	1	_-u
827	single	1	2	u-H
827	single	1	3	H-r
827	single	1	4	r-i
827	single	1	5	i-k
827	single	1	6	k-?
827	single	1	7	?-a
827	single	1	8	a-_
828	single	2	1	_-r
828	single	2	2	r-i
828	single	2	3	i-w
828	single	2	4	w-u
828	single	2	5	u-X
828	single	2	6	X-?
828	single	2	7	?-e
828	single	2	8	e-r
828	single	2	9	r-_
829	single	1	1	_-a
829	single	1	2	a-w
829	single	1	3	w-?
829	single	1	4	?-a
829	single	1	5	a-d
829	single	1	6	d-q
829	single	1	7	q-e.
829	single	1	8	e.-_
830	single	2	1	_-?
830	single	2	2	?-i
830	single	2	3	i-r
830	single	2	4	r-e.
830	single	2	5	e.-q
830	single	2	6	q-X
830	single	2	7	X-a.
830	single	2	8	a.-t.
830	single	2	9	t.-_
831	single	1	1	_-i
831	single	1	2	i-S
831	single	1	3	S-x
831	single	1	4	x-a
831	single	1	5	a-g
831	single	1	6	g-t
831	single	1	7	t-a
831	single	1	8	a-_
832	single	1	1	_-e
832	single	1	2	e-?
832	single	1	3	?-l
832	single	1	4	l-e
832	single	1	5	e-X
832	single	1	6	X-g
832	single	1	7	g-u
832	single	1	8	u-_
833	single	1	1	_-a
833	single	1	2	a-t.
833	single	1	3	t.-g
833	single	1	4	g-a.
833	single	1	5	a.-q
833	single	1	6	q-s.
833	single	1	7	s.-i.
833	single	1	8	i.-_
834	single	2	1	_-S
834	single	2	2	S-a
834	single	2	3	a-g
834	single	2	4	g-u
834	single	2	5	u-t
834	single	2	6	t-r
834	single	2	7	r-u.
834	single	2	8	u.-t.
834	single	2	9	t.-_
835	single	1	1	_-u
835	single	1	2	u-H
835	single	1	3	H-n
835	single	1	4	n-a
835	single	1	5	a-r
835	single	1	6	r-r
835	single	1	7	r-e
835	single	1	8	e-_
836	single	1	1	_-a
836	single	1	2	a-s
836	single	1	3	s-t.
836	single	1	4	t.-e.
836	single	1	5	e.-q
836	single	1	6	q-b
836	single	1	7	b-i
836	single	1	8	i-_
837	single	1	1	_-e
837	single	1	2	e-p
837	single	1	3	p-k
837	single	1	4	k-i
837	single	1	5	i-s
837	single	1	6	s-p
837	single	1	7	p-i
837	single	1	8	i-_
838	single	1	1	_-a
838	single	1	2	a-S
838	single	1	3	S-m
838	single	1	4	m-u.
838	single	1	5	u.-s.
838	single	1	6	s.-l
838	single	1	7	l-e
838	single	1	8	e-_
839	single	1	1	_-i
839	single	1	2	i-k
839	single	1	3	k-X
839	single	1	4	X-a
839	single	1	5	a-g
839	single	1	6	g-g
839	single	1	7	g-e
839	single	1	8	e-_
840	single	1	1	_-a
840	single	1	2	a-w
840	single	1	3	w-m
840	single	1	4	m-e.
840	single	1	5	e.-s.
840	single	1	6	s.-w
840	single	1	7	w-i
840	single	1	8	i-_
841	single	1	1	_-u
841	single	1	2	u-m
841	single	1	3	m-t
841	single	1	4	t-i
841	single	1	5	i-n
841	single	1	6	n-n
841	single	1	7	n-a
841	single	1	8	a-_
842	single	1	1	_-e
842	single	1	2	e-H
842	single	1	3	H-p
842	single	1	4	p-u
842	single	1	5	u-t
842	single	1	6	t-z
842	single	1	7	z-u
842	single	1	8	u-_
843	single	2	1	_-g
843	single	2	2	g-e.
843	single	2	3	e.-s.
843	single	2	4	s.-i.
843	single	2	5	i.-k
843	single	2	6	k-p
843	single	2	7	p-e
843	single	2	8	e-g
843	single	2	9	g-_
844	single	1	1	_-i
844	single	1	2	i-g
844	single	1	3	g-p
844	single	1	4	p-i
844	single	1	5	i-H
844	single	1	6	H-j
844	single	1	7	j-e
844	single	1	8	e-_
845	single	1	1	_-e
845	single	1	2	e-t.
845	single	1	3	t.-X
845	single	1	4	X-u
845	single	1	5	u-g
845	single	1	6	g-k
845	single	1	7	k-a
845	single	1	8	a-_
846	single	1	1	_-i
846	single	1	2	i-?
846	single	1	3	?-q
846	single	1	4	q-u.
846	single	1	5	u.-x
846	single	1	6	x-t
846	single	1	7	t-e
846	single	1	8	e-_
847	single	2	1	_-?
847	single	2	2	?-e
847	single	2	3	e-r
847	single	2	4	r-i
847	single	2	5	i-s
847	single	2	6	s-d
847	single	2	7	d-u
847	single	2	8	u-s.
847	single	2	9	s.-_
848	single	1	1	_-i
848	single	1	2	i-x
848	single	1	3	x-p
848	single	1	4	p-a.
848	single	1	5	a.-t.
848	single	1	6	t.-d
848	single	1	7	d-u
848	single	1	8	u-_
849	single	1	1	_-i
849	single	1	2	i-s
849	single	1	3	s-x
849	single	1	4	x-u
849	single	1	5	u-t
849	single	1	6	t-g
849	single	1	7	g-e
849	single	1	8	e-_
850	single	1	1	_-e
850	single	1	2	e-s.
850	single	1	3	s.-m
850	single	1	4	m-i
850	single	1	5	i-m
850	single	1	6	m-g
850	single	1	7	g-e
850	single	1	8	e-_
851	single	1	1	_-i
851	single	1	2	i-?
851	single	1	3	?-g
851	single	1	4	g-a
851	single	1	5	a-n
851	single	1	6	n-l
851	single	1	7	l-a
851	single	1	8	a-_
852	single	1	1	_-a
852	single	1	2	a-m
852	single	1	3	m-H
852	single	1	4	H-e
852	single	1	5	e-z
852	single	1	6	z-k
852	single	1	7	k-i
852	single	1	8	i-_
853	single	2	1	_-H
853	single	2	2	H-u.
853	single	2	3	u.-s.
853	single	2	4	s.-a.
853	single	2	5	a.-x
853	single	2	6	x-l
853	single	2	7	l-i
853	single	2	8	i-m
853	single	2	9	m-_
854	single	1	1	_-u
854	single	1	2	u-k
854	single	1	3	k-k
854	single	1	4	k-a
854	single	1	5	a-n
854	single	1	6	n-g
854	single	1	7	g-e
854	single	1	8	e-_
855	single	1	1	_-i
855	single	1	2	i-?
855	single	1	3	?-g
855	single	1	4	g-i
855	single	1	5	i-?
855	single	1	6	?-p
855	single	1	7	p-i
855	single	1	8	i-_
856	single	1	1	_-e
856	single	1	2	e-j
856	single	1	3	j-?
856	single	1	4	?-a
856	single	1	5	a-b
856	single	1	6	b-X
856	single	1	7	X-i
856	single	1	8	i-_
857	single	2	1	_-s
857	single	2	2	s-a
857	single	2	3	a-k
857	single	2	4	k-u
857	single	2	5	u-g
857	single	2	6	g-m
857	single	2	7	m-i
857	single	2	8	i-?
857	single	2	9	?-_
858	single	2	1	_-z
858	single	2	2	z-a
858	single	2	3	a-p
858	single	2	4	p-u
858	single	2	5	u-x
858	single	2	6	x-j
858	single	2	7	j-u
858	single	2	8	u-w
858	single	2	9	w-_
859	single	1	1	_-i
859	single	1	2	i-X
859	single	1	3	X-k
859	single	1	4	k-u
859	single	1	5	u-p
859	single	1	6	p-w
859	single	1	7	w-i
859	single	1	8	i-_
860	single	1	1	_-e
860	single	1	2	e-H
860	single	1	3	H-s
860	single	1	4	s-e
860	single	1	5	e-s
860	single	1	6	s-w
860	single	1	7	w-u
860	single	1	8	u-_
861	single	2	1	_-l
861	single	2	2	l-u.
861	single	2	3	u.-q
861	single	2	4	q-e.
861	single	2	5	e.-g
861	single	2	6	g-?
861	single	2	7	?-e
861	single	2	8	e-k
861	single	2	9	k-_
862	single	1	1	_-a
862	single	1	2	a-s
862	single	1	3	s-n
862	single	1	4	n-e
862	single	1	5	e-X
862	single	1	6	X-s.
862	single	1	7	s.-a.
862	single	1	8	a.-_
863	single	2	1	_-l
863	single	2	2	l-a.
863	single	2	3	a.-s.
863	single	2	4	s.-i.
863	single	2	5	i.-g
863	single	2	6	g-S
863	single	2	7	S-u.
863	single	2	8	u.-s.
863	single	2	9	s.-_
864	single	1	1	_-u
864	single	1	2	u-j
864	single	1	3	j-l
864	single	1	4	l-a
864	single	1	5	a-s
864	single	1	6	s-b
864	single	1	7	b-a
864	single	1	8	a-_
865	single	1	1	_-a
865	single	1	2	a-m
865	single	1	3	m-s
865	single	1	4	s-i.
865	single	1	5	i.-t.
865	single	1	6	t.-H
865	single	1	7	H-e
865	single	1	8	e-_
866	single	1	1	_-u
866	single	1	2	u-t
866	single	1	3	t-p
866	single	1	4	p-a
866	single	1	5	a-z
866	single	1	6	z-d
866	single	1	7	d-e
866	single	1	8	e-_
867	single	1	1	_-a
867	single	1	2	a-t
867	single	1	3	t-l
867	single	1	4	l-a
867	single	1	5	a-g
867	single	1	6	g-r
867	single	1	7	r-a
867	single	1	8	a-_
868	single	1	1	_-a
868	single	1	2	a-w
868	single	1	3	w-s
868	single	1	4	s-a
868	single	1	5	a-H
868	single	1	6	H-t
868	single	1	7	t-u
868	single	1	8	u-_
869	single	2	1	_-t.
869	single	2	2	t.-i.
869	single	2	3	i.-g
869	single	2	4	g-i
869	single	2	5	i-d
869	single	2	6	d-t
869	single	2	7	t-a
869	single	2	8	a-r
869	single	2	9	r-_
870	single	1	1	_-i
870	single	1	2	i-p
870	single	1	3	p-g
870	single	1	4	g-a
870	single	1	5	a-j
870	single	1	6	j-S
870	single	1	7	S-e
870	single	1	8	e-_
871	single	1	1	_-u
871	single	1	2	u-z
871	single	1	3	z-n
871	single	1	4	n-e
871	single	1	5	e-b
871	single	1	6	b-?
871	single	1	7	?-a
871	single	1	8	a-_
872	single	1	1	_-e
872	single	1	2	e-r
872	single	1	3	r-p
872	single	1	4	p-u
872	single	1	5	u-l
872	single	1	6	l-H
872	single	1	7	H-u
872	single	1	8	u-_
873	single	1	1	_-e
873	single	1	2	e-x
873	single	1	3	x-r
873	single	1	4	r-a
873	single	1	5	a-k
873	single	1	6	k-j
873	single	1	7	j-u
873	single	1	8	u-_
874	single	1	1	_-u
874	single	1	2	u-p
874	single	1	3	p-p
874	single	1	4	p-u
874	single	1	5	u-l
874	single	1	6	l-p
874	single	1	7	p-e
874	single	1	8	e-_
875	single	2	1	_-n
875	single	2	2	n-i.
875	single	2	3	i.-t.
875	single	2	4	t.-i.
875	single	2	5	i.-l
875	single	2	6	l-t
875	single	2	7	t-a
875	single	2	8	a-S
875	single	2	9	S-_
876	single	1	1	_-e
876	single	1	2	e-n
876	single	1	3	n-g
876	single	1	4	g-i.
876	single	1	5	i.-s.
876	single	1	6	s.-n
876	single	1	7	n-u
876	single	1	8	u-_
877	single	1	1	_-u
877	single	1	2	u-X
877	single	1	3	X-x
877	single	1	4	x-e
877	single	1	5	e-X
877	single	1	6	X-k
877	single	1	7	k-i
877	single	1	8	i-_
878	single	2	1	_-k
878	single	2	2	k-e
878	single	2	3	e-t
878	single	2	4	t-u
878	single	2	5	u-S
878	single	2	6	S-j
878	single	2	7	j-u
878	single	2	8	u-H
878	single	2	9	H-_
879	single	1	1	_-e
879	single	1	2	e-k
879	single	1	3	k-p
879	single	1	4	p-e
879	single	1	5	e-?
879	single	1	6	?-z
879	single	1	7	z-a
879	single	1	8	a-_
880	single	1	1	_-a
880	single	1	2	a-s.
880	single	1	3	s.-t
880	single	1	4	t-u
880	single	1	5	u-t
880	single	1	6	t-x
880	single	1	7	x-e
880	single	1	8	e-_
881	single	1	1	_-u
881	single	1	2	u-H
881	single	1	3	H-l
881	single	1	4	l-a
881	single	1	5	a-d
881	single	1	6	d-b
881	single	1	7	b-i
881	single	1	8	i-_
882	single	2	1	_-t.
882	single	2	2	t.-a.
882	single	2	3	a.-q
882	single	2	4	q-e.
882	single	2	5	e.-b
882	single	2	6	b-q
882	single	2	7	q-i.
882	single	2	8	i.-S
882	single	2	9	S-_
883	single	1	1	_-e
883	single	1	2	e-b
883	single	1	3	b-t.
883	single	1	4	t.-e.
883	single	1	5	e.-?
883	single	1	6	?-s.
883	single	1	7	s.-i.
883	single	1	8	i.-_
884	single	1	1	_-a
884	single	1	2	a-X
884	single	1	3	X-t.
884	single	1	4	t.-a.
884	single	1	5	a.-w
884	single	1	6	w-r
884	single	1	7	r-e
884	single	1	8	e-_
885	single	2	1	_-k
885	single	2	2	k-a
885	single	2	3	a-m
885	single	2	4	m-i
885	single	2	5	i-z
885	single	2	6	z-b
885	single	2	7	b-a
885	single	2	8	a-H
885	single	2	9	H-_
886	single	1	1	_-u
886	single	1	2	u-S
886	single	1	3	S-S
886	single	1	4	S-e
886	single	1	5	e-z
886	single	1	6	z-q
886	single	1	7	q-e.
886	single	1	8	e.-_
887	single	1	1	_-u
887	single	1	2	u-w
887	single	1	3	w-H
887	single	1	4	H-u
887	single	1	5	u-m
887	single	1	6	m-p
887	single	1	7	p-e
887	single	1	8	e-_
888	single	1	1	_-a
888	single	1	2	a-m
888	single	1	3	m-b
888	single	1	4	b-i
888	single	1	5	i-H
888	single	1	6	H-b
888	single	1	7	b-i
888	single	1	8	i-_
889	single	1	1	_-u
889	single	1	2	u-g
889	single	1	3	g-H
889	single	1	4	H-e
889	single	1	5	e-k
889	single	1	6	k-r
889	single	1	7	r-u
889	single	1	8	u-_
890	single	1	1	_-i
890	single	1	2	i-w
890	single	1	3	w-k
890	single	1	4	k-a
890	single	1	5	a-n
890	single	1	6	n-s
890	single	1	7	s-a
890	single	1	8	a-_
891	single	2	1	_-?
891	single	2	2	?-u
891	single	2	3	u-g
891	single	2	4	g-u
891	single	2	5	u-r
891	single	2	6	r-w
891	single	2	7	w-u
891	single	2	8	u-k
891	single	2	9	k-_
892	single	2	1	_-l
892	single	2	2	l-e
892	single	2	3	e-l
892	single	2	4	l-a
892	single	2	5	a-X
892	single	2	6	X-X
892	single	2	7	X-i
892	single	2	8	i-s
892	single	2	9	s-_
893	single	1	1	_-i
893	single	1	2	i-j
893	single	1	3	j-b
893	single	1	4	b-u
893	single	1	5	u-z
893	single	1	6	z-s
893	single	1	7	s-e
893	single	1	8	e-_
894	single	1	1	_-u
894	single	1	2	u-j
894	single	1	3	j-l
894	single	1	4	l-u
894	single	1	5	u-j
894	single	1	6	j-q
894	single	1	7	q-u.
894	single	1	8	u.-_
895	single	2	1	_-j
895	single	2	2	j-u
895	single	2	3	u-X
895	single	2	4	X-e
895	single	2	5	e-d
895	single	2	6	d-k
895	single	2	7	k-e
895	single	2	8	e-s.
895	single	2	9	s.-_
896	single	3	1	_-s.
896	single	3	2	s.-e.
896	single	3	3	e.-a.
896	single	3	4	a.-b
896	single	3	5	b-i
896	single	3	6	i-i
896	single	3	7	i-X
896	single	3	8	X-_
897	single	1	1	_-e
897	single	1	2	e-r
897	single	1	3	r-s
897	single	1	4	s-a
897	single	1	5	a-n
897	single	1	6	n-z
897	single	1	7	z-i
897	single	1	8	i-_
898	single	2	1	_-t.
898	single	2	2	t.-a.
898	single	2	3	a.-n
898	single	2	4	n-i
898	single	2	5	i-g
898	single	2	6	g-q
898	single	2	7	q-u.
898	single	2	8	u.-t
898	single	2	9	t-_
899	single	1	1	_-i
899	single	1	2	i-X
899	single	1	3	X-m
899	single	1	4	m-a
899	single	1	5	a-?
899	single	1	6	?-s.
899	single	1	7	s.-i.
899	single	1	8	i.-_
900	single	2	1	_-m
900	single	2	2	m-a
900	single	2	3	a-s
900	single	2	4	s-a
900	single	2	5	a-m
900	single	2	6	m-t.
900	single	2	7	t.-e.
900	single	2	8	e.-l
900	single	2	9	l-_
901	single	1	1	_-u
901	single	1	2	u-H
901	single	1	3	H-p
901	single	1	4	p-i
901	single	1	5	i-n
901	single	1	6	n-S
901	single	1	7	S-e
901	single	1	8	e-_
902	single	1	1	_-e
902	single	1	2	e-x
902	single	1	3	x-d
902	single	1	4	d-u
902	single	1	5	u-q
902	single	1	6	q-z
902	single	1	7	z-u
902	single	1	8	u-_
